game,idx,iteration,ship,status,n_frames,n_errors,original,stripped_header,ratio_of_means,compact_raw,palette_grid_raw,frame_lzma,frame_bzip,gzip_level1,gzip_level9,mean_out_chars,mean_out_gzip,mean_raw_gzip,mean_raw_chars,corpus_gzip,corpus_lzma,output_reuse,raw_reuse,code_sha
7www9,1,1,0,ok,56,0,0.6195601311522053,0.48919808724855907,0.6191440871106609,0.6550230893776623,0.8462864470288077,0.7333901803212942,0.7044762612968333,0.45152259139298156,0.6426362614665618,35.464285714285715,43.660714285714285,70.51785714285714,2330.1071428571427,0.25668835864063627,0.41125541125541126,6.887323943661972,2.8553868402024585,1babf3b83ece7578c57be372589580dda179179300c89e1e766d2eed690962b9
7www9,4,4,0,ok,56,0,0.8321684672510067,0.7748258335803424,0.8316029374525197,0.879882561095334,1.136981620070593,0.8620257391054309,0.8782575727938584,0.6061367853285683,0.8631630852970841,49.57142857142857,58.642857142857146,70.51785714285714,2330.1071428571427,0.2841648590021692,0.4329004329004329,8.356234096692113,2.8553868402024585,b947bb0152eb40d23f59f7a27aa4d1b952ae0c2cc38bb8a939cddd88f3e52840
7www9,11,16,0,ok,56,0,0.9474568146165626,0.9297029923031134,0.9468219802481641,1.0018467893484166,1.2948151714021632,0.9248848872140625,0.9877163167397771,0.6901258990094351,0.9827687076228334,57.57142857142857,66.76785714285714,70.51785714285714,2330.1071428571427,0.2935647143890094,0.45021645021645024,9.20935960591133,2.8553868402024585,ec0cee072335d2a7e7b2cb880b8ecacfcece126b7152313481fb8de1f6faffea
7www9,14,20,1,ok,56,0,0.9474568146165626,0.9297029923031134,0.9468219802481641,1.0018467893484166,1.2948151714021632,0.9248848872140625,0.9877163167397771,0.6901258990094351,0.9827687076228334,57.57142857142857,66.76785714285714,70.51785714285714,2330.1071428571427,0.2935647143890094,0.45021645021645024,9.20935960591133,2.8553868402024585,ec0cee072335d2a7e7b2cb880b8ecacfcece126b7152313481fb8de1f6faffea
7xf97,1,1,0,ok,73,0,1.2556742618316283,1.3180478743760258,1.2568508369130498,1.3506040688353222,1.6955196479674899,1.0962769955606613,1.065784000002907,1.0729659927830504,1.2635802758435721,283.4931506849315,116.23287671232876,92.47945205479452,2319.6575342465753,0.6541095890410958,0.7099767981438515,6.346297681376216,3.3028375733855184,4279572377bef86b7f6c3351d94e43e35e9f2e44b5a801a8269f6827fba69994
7xf97,2,3,0,ok,73,0,1.2467010882274054,1.306852945403479,1.2479632647015257,1.3409382580031795,1.6833098276169176,1.1153633812751325,1.0445257373550936,1.0658611835321665,1.2545636054256843,283.4931506849315,115.41095890410959,92.47945205479452,2319.6575342465753,0.6536203522504892,0.7331786542923434,6.306137724550898,3.3028375733855184,89b0a9659419802ee275593b8ce65a83aebdd28bbb9bafade80c20b00076a3e7
7xf97,7,8,0,ok,73,0,1.2467010882274054,1.306852945403479,1.2479632647015257,1.3409382580031795,1.6833098276169176,1.1153633812751325,1.0445257373550936,1.0658611835321665,1.2545636054256843,283.4931506849315,115.41095890410959,92.47945205479452,2319.6575342465753,0.6536203522504892,0.7331786542923434,6.306137724550898,3.3028375733855184,89b0a9659419802ee275593b8ce65a83aebdd28bbb9bafade80c20b00076a3e7
7xf97,10,12,0,ok,73,0,1.2467010882274054,1.306852945403479,1.2479632647015257,1.3409382580031795,1.6833098276169176,1.1153633812751325,1.0445257373550936,1.0658611835321665,1.2545636054256843,283.4931506849315,115.41095890410959,92.47945205479452,2319.6575342465753,0.6536203522504892,0.7331786542923434,6.306137724550898,3.3028375733855184,89b0a9659419802ee275593b8ce65a83aebdd28bbb9bafade80c20b00076a3e7
7xf97,23,27,1,ok,73,0,1.4831495661660588,1.60306819528952,1.4785957635905793,1.5954668977792452,2.0074786675870775,1.3632548422413138,1.2764331373533384,1.1739460608340968,1.4926326984059062,194.24657534246575,136.73972602739727,92.47945205479452,2319.6575342465753,0.5092954990215264,0.5823665893271461,9.588856868395773,3.3028375733855184,4fc34a65164c48e659b7d3a55e90d62776cdb7226acfa3eb1bbe6000b4f6792f
SET,1,1,0,ok,99,0,2.4160654371368673,2.6325041732904757,2.4441342889475672,2.531289922634337,3.223392457587389,1.819315125808424,2.0095379369932886,1.51971279504974,2.477258878675719,1318.2121212121212,327.24242424242425,133.88888888888889,3650.030303030303,1.1094257854821234,0.8657844990548205,6.3275390625,2.8721560130010833,5c593c8c6828299efd068ce32010999fbf9061bcddca4943423dcdf22c9ef292
SET,2,4,0,ok,99,0,2.4160654371368673,2.6325041732904757,2.4441342889475672,2.531289922634337,3.223392457587389,1.819315125808424,2.0095379369932886,1.51971279504974,2.477258878675719,1318.2121212121212,327.24242424242425,133.88888888888889,3650.030303030303,1.1094257854821234,0.8657844990548205,6.3275390625,2.8721560130010833,5c593c8c6828299efd068ce32010999fbf9061bcddca4943423dcdf22c9ef292
SET,12,19,1,ok,99,0,2.61858079817096,2.867691695388883,2.6443606186344772,2.743394287067698,3.497433177207035,1.9040295277176664,2.1603777286433092,1.6240923739621125,2.685127845267245,1341.2121212121212,354.050505050505,133.88888888888889,3650.030303030303,1.0719393282773564,0.7873345935727788,7.085304224782696,2.8721560130010833,98ac8118d5bdb52e9b9e469f1dc327f7769f772ff7eb4b7c6d88d73b36107934
bt3gb,1,1,0,syntax,94,94,0.21262347412443666,0.02636980723639709,0.21054989360510698,0.2283711054583977,0.2976667914167486,0.2247169682925748,0.12938161077027208,0.16103289361641226,0.21813535335647125,0.0,20.0,94.98936170212765,2337.6702127659573,0.009708737864077669,0.034,78.33333333333333,3.61205501618123,2f533cb75980fefe3ec1bd65108937f475520526e9c50f85bf2c5a66f1c58c0f
bt3gb,2,2,0,ok,94,0,0.8537518036610764,0.8155419378067492,0.8656064508903574,0.9158259252921539,1.1907332845524892,0.8463506189245164,0.8696010550178207,0.6764592676379175,0.8773336293274935,163.79787234042553,82.22340425531915,94.98936170212765,2337.6702127659573,0.4866504854368932,0.558,6.42477140482128,3.61205501618123,b5a3af50e1b3e3ddeeedbc05d1d6d930b5879b549da006343764b2bab47d1777
bt3gb,4,4,0,ok,94,0,0.9816945925280992,0.9738655180258134,0.993504311793034,1.0531482770210205,1.369618426397455,0.9359952948492821,0.9870313276543826,0.8010948409807153,1.0074462596078857,203.18085106382978,94.37234042553192,94.98936170212765,2337.6702127659573,0.511326860841424,0.574,7.018196202531645,3.61205501618123,4c529fdb310dde6e2fe04f81497c6e5c5d4119af2269bd7938d28fac3e28db6d
bt3gb,6,8,0,ok,94,0,0.9816945925280992,0.9738655180258134,0.993504311793034,1.0531482770210205,1.369618426397455,0.9359952948492821,0.9870313276543826,0.8010948409807153,1.0074462596078857,203.18085106382978,94.37234042553192,94.98936170212765,2337.6702127659573,0.511326860841424,0.574,7.018196202531645,3.61205501618123,4c529fdb310dde6e2fe04f81497c6e5c5d4119af2269bd7938d28fac3e28db6d
bt3gb,8,14,0,ok,94,0,1.1663796031044131,1.2052150536565105,1.1686639041326017,1.2525097693556027,1.6301244646107622,1.0835466792604411,1.1607353392169928,0.8914417709883898,1.1978280787422821,137.37234042553192,111.01063829787235,94.98936170212765,2337.6702127659573,0.4534789644012945,0.564,9.308652988403212,3.61205501618123,ed9a514573c32f14a07be3c29ce74b324a0b83acbf2615812ee91e62f3eba20a
bt3gb,10,17,0,ok,94,0,0.8323447948714912,0.7908615595890897,0.8380557733228805,0.8938827330536124,1.161507632918077,0.8582907835651233,0.8693514777050672,0.6455846658151332,0.8551867009877884,100.84042553191489,79.6063829787234,94.98936170212765,2337.6702127659573,0.4199029126213592,0.48,7.209055876685935,3.61205501618123,ded6f682b59f063b74565cb508438b267ca060a22fa15db5242d4d262ff58235
bt3gb,12,22,1,ok,94,0,1.2510821467029827,1.3103325659313705,1.2522118938290963,1.3435318170374504,1.7487037445966476,1.1326112890243698,1.2234310662973316,0.9560992793861753,1.2846774258477658,146.2127659574468,118.94680851063829,94.98936170212765,2337.6702127659573,0.4575242718446602,0.566,9.885941644562335,3.61205501618123,e302d82cdabee854b37e845293af07b9e4111f03132f19f093ad9e7823bd188e
colour_lines,1,1,0,ok,109,0,1.0981763028850868,1.118257666016339,1.101971735635102,1.1337430590204773,1.3403933882557348,1.0068122739024412,1.032012310159322,0.932554097027401,1.111157709916913,187.26605504587155,119.46788990825688,108.41284403669725,914.5688073394496,0.6062650602409638,0.6131687242798354,10.35135135135135,5.694939759036145,4ad9b79e2f78703b4d21a3ef1ef41d3763f3e454922fd0e7c09efcb3455944e8
colour_lines,5,9,0,ok,109,0,1.3151444790809328,1.3843932342571326,1.3086231700093085,1.358094136796816,1.602043601626279,1.1431373208955775,1.2060910465453387,1.119232285400392,1.3310840838770006,222.9908256880734,141.87155963302752,108.41284403669725,914.5688073394496,0.6337349397590362,0.6399176954732511,11.759695817490494,5.694939759036145,fd66b4b4c70c86785c435dd4ab7ae69ab6bd01dce14d4084477f7f7724e1bee5
colour_lines,9,16,0,ok,109,0,1.0981763028850868,1.118257666016339,1.101971735635102,1.1337430590204773,1.3403933882557348,1.0068122739024412,1.032012310159322,0.932554097027401,1.111157709916913,187.26605504587155,119.46788990825688,108.41284403669725,914.5688073394496,0.6062650602409638,0.6131687242798354,10.35135135135135,5.694939759036145,4ad9b79e2f78703b4d21a3ef1ef41d3763f3e454922fd0e7c09efcb3455944e8
colour_lines,12,19,1,ok,109,0,1.1120483498541336,1.1352641798832734,1.1151730557671151,1.1480892450186106,1.3570414402308242,1.0157197270479514,1.0443429686028876,0.9428796115376797,1.125198937553582,175.54128440366972,120.89908256880734,108.41284403669725,914.5688073394496,0.5990361445783132,0.6111111111111112,10.601769911504425,5.694939759036145,d333baa32ef6d52714cee450b5509baa5d363e721c3fe36710ce83ecd22eb7c5
diffusion,1,1,0,ok,114,0,1.233411243321285,1.2956457980135512,1.2512477434427098,1.2826352035140907,1.4926364211429146,1.073318491399862,1.1186481421853534,1.0348828001803532,1.2432930226528092,226.49122807017545,103.35964912280701,82.60526315789474,729.7017543859649,0.9739284136102518,0.8483245149911817,5.346188747731397,4.161290322580645,d52307ab782f6e72850ab113fc205768c5a602fa3713dcb79ed52a3b82bac9ec
diffusion,2,3,0,ok,114,0,1.2081925622567689,1.2671710220184564,1.2138685356270573,1.2570210358782452,1.4603531674211687,1.0516289238032592,1.0219964589363415,0.9993531420065238,1.2184491959930674,125.53508771929825,100.2719298245614,82.60526315789474,729.7017543859649,0.7308882015024304,0.6402116402116402,6.911124546553809,4.161290322580645,f6e413bbe5b6020103900ab76c7aef43b907bc962f83f23dc2e70d11ec56f254
diffusion,3,4,0,ok,114,0,1.2081925622567689,1.2671710220184564,1.2138685356270573,1.2570210358782452,1.4603531674211687,1.0516289238032592,1.0219964589363415,0.9993531420065238,1.2184491959930674,125.53508771929825,100.2719298245614,82.60526315789474,729.7017543859649,0.7308882015024304,0.6402116402116402,6.911124546553809,4.161290322580645,f6e413bbe5b6020103900ab76c7aef43b907bc962f83f23dc2e70d11ec56f254
diffusion,7,8,0,ok,114,0,1.2081925622567689,1.2671710220184564,1.2138685356270573,1.2570210358782452,1.4603531674211687,1.0516289238032592,1.0219964589363415,0.9993531420065238,1.2184491959930674,125.53508771929825,100.2719298245614,82.60526315789474,729.7017543859649,0.7308882015024304,0.6402116402116402,6.911124546553809,4.161290322580645,f6e413bbe5b6020103900ab76c7aef43b907bc962f83f23dc2e70d11ec56f254
diffusion,18,28,0,ok,114,0,2.3907947315246556,2.8311123219202434,2.308803228204311,2.4923795254653394,2.8744096453595485,1.5796004029580943,1.4201172738140109,2.0090765447797407,2.414542643880542,347.0,190.71929824561403,82.60526315789474,729.7017543859649,1.3349536014140522,1.0864197530864197,7.196954650777888,4.161290322580645,df5145d3f0917346be1962b7b46c13a3fa4fef00ace75088378224c47c55329d
diffusion,21,31,0,ok,114,0,1.1707784998134925,1.222576633192737,1.1665073802697248,1.2186964784513594,1.4136949660475218,1.0436214769729302,1.0363687025353794,0.9739725532219939,1.181187286097853,99.01754385964912,96.35964912280701,82.60526315789474,729.7017543859649,0.6871409633230225,0.6278659611992945,7.064308681672026,4.161290322580645,fe3eb8fe0c902228293ae9c9ae4e4693eb5bc507355288136fe0e86584b0678d
diffusion,24,34,0,ok,114,0,1.0199060071090396,1.0218179059645642,1.0292025061059784,1.060869375307373,1.2335689194418957,0.9396452828312699,0.8931562225039272,0.8428098379098643,1.02837668402206,93.32456140350877,85.01754385964912,82.60526315789474,729.7017543859649,0.6866990720282811,0.5943562610229277,6.236808236808237,4.161290322580645,89e42cd64029edda9763b38b8cf40859733d613705f54f9354d31e4df666fc6e
diffusion,28,38,1,ok,114,0,1.2371731944441133,1.3072078980058943,1.236062440267601,1.2875232681350348,1.4942941984520448,1.0802582907670526,1.053385183007255,1.025981810067244,1.2478383485884499,112.2280701754386,102.10526315789474,82.60526315789474,729.7017543859649,0.7114449845338047,0.6014109347442681,7.229813664596273,4.161290322580645,85dd1e26097271e7e7f0683f3bef6f4a3b23e063b9ce77f45b0454baaf9cb2e1
dino,1,1,0,ok,103,0,0.6903218656837685,0.6251204636217544,0.691864249186425,0.7544701885713789,1.0811159579552505,0.7633704837287753,0.7350519968865923,0.5382290862449474,0.7539946288585788,92.07766990291262,72.24271844660194,104.41747572815534,3629.864077669903,0.24164661855118952,0.34281200631911535,8.231194690265486,2.874899759422614,4a60799b8b7422825f555ed3550eb3cdca97b6e4a2b1520497ec058891c30da2
dino,2,2,0,ok,103,0,0.8383005097210103,0.8041836694879498,0.8393305439330545,0.91605892454506,1.3139238753645468,0.8958426007987913,0.8954357467710372,0.6585957128446456,0.9155276735974907,126.00970873786407,87.64077669902913,104.41747572815534,3629.864077669903,0.26303127506014434,0.36492890995260663,9.173780487804878,2.874899759422614,21e5a7eb1a209a0abc363a12988fef7f33e176aa1a232b4672761bdd45fde47c
dino,3,3,0,ok,103,0,0.8560774343908857,0.8254963355547189,0.8577405857740585,0.9355710772431282,1.3409372101690316,0.8895877951361284,0.8515127534020122,0.6637883994184125,0.935101578217131,92.41747572815534,89.5631067961165,104.41747572815534,3629.864077669903,0.2579524191392676,0.3459715639810427,9.55958549222798,2.874899759422614,bbe13db14aeff6a99d402a4ad77f79ba7ec798207b6a7a11b3d7fe5fe0e7c420
dino,4,4,0,ok,103,0,0.8560774343908857,0.8254963355547189,0.8577405857740585,0.9355710772431282,1.3409372101690316,0.8895877951361284,0.8515127534020122,0.6637883994184125,0.935101578217131,92.41747572815534,89.5631067961165,104.41747572815534,3629.864077669903,0.2579524191392676,0.3459715639810427,9.55958549222798,2.874899759422614,bbe13db14aeff6a99d402a4ad77f79ba7ec798207b6a7a11b3d7fe5fe0e7c420
dino,8,9,0,ok,103,0,0.9758764155890118,0.970404410974303,0.9773128777312877,1.0664346187060514,1.5291635900048774,0.9675474099746696,0.9605204998578358,0.7543078318650794,1.065899520847706,108.41747572815534,102.04854368932038,104.41747572815534,3629.864077669903,0.268644747393745,0.35545023696682465,10.458706467661692,2.874899759422614,516b9a99e1bcced6fa2444c5a958262e0845a2b8d1310a271580a0b6f4432762
dino,16,19,0,ok,103,0,1.16536998732088,1.1998629419505915,1.1655973965597397,1.2731824967843772,1.828107275958545,1.1411770987744492,1.1257111190369669,0.8991613900123492,1.2726177837323134,127.95145631067962,121.70873786407768,104.41747572815534,3629.864077669903,0.4659182036888532,0.6255924170616114,7.1921973608720595,2.874899759422614,7a6c22251d14102c5faa0add9a619059973e975299c3b06d481a0201ac76fc76
dino,18,25,1,ok,103,0,0.9096010764007242,0.8904146686671832,0.910553231055323,0.9939309541206038,1.4259626901837195,0.9310148157831061,0.9051155477162482,0.6990380931925079,0.9934002569950935,86.48543689320388,95.07766990291262,104.41747572815534,3629.864077669903,0.25634856990109595,0.34913112164297,10.211678832116789,2.874899759422614,ccf8de43980d504a7b981b3503e7270a9371f44a914a995f0184836c35d9bbf1
dq8gc,1,2,0,ok,92,0,0.6235491773843898,0.5246152849282432,0.6236370472490287,0.6679540011751454,0.8893788553501928,0.7079700323548989,0.7454689059576691,0.4792768680998268,0.6483056758207162,65.69565217391305,54.08695652173913,86.72826086956522,2348.6195652173915,0.25720823798627,0.33642691415313225,8.854092526690392,3.6517162471395883,839f938c4390248afbb2353d4443d7c6eb2a8f949ffd84bab94d94b63f4900a4
dq8gc,2,3,0,ok,92,0,0.7115816573079755,0.635884451147247,0.7113673392655722,0.7623136959530801,1.015156150338415,0.7642614387154801,0.7966333389154717,0.5464266443511299,0.7398849572342838,70.76086956521739,61.69565217391305,86.72826086956522,2348.6195652173915,0.2617848970251716,0.33874709976798145,9.923076923076923,3.6517162471395883,38292b28cdf4bd62d4e33b559a0a0cc1f82bf462e1f69d5169bcf56aa70b772d
dq8gc,4,8,0,ok,92,0,0.7115816573079755,0.635884451147247,0.7113673392655722,0.7623136959530801,1.015156150338415,0.7642614387154801,0.7966333389154717,0.5464266443511299,0.7398849572342838,70.76086956521739,61.69565217391305,86.72826086956522,2348.6195652173915,0.2617848970251716,0.33874709976798145,9.923076923076923,3.6517162471395883,38292b28cdf4bd62d4e33b559a0a0cc1f82bf462e1f69d5169bcf56aa70b772d
dq8gc,10,16,0,ok,92,0,0.9221696435930238,0.9020939089319289,0.9211680661737061,0.9881675088952299,1.3158972380686513,0.8846269637122831,0.9974950644358604,0.711636020829406,0.9587381885956264,104.46739130434783,79.8913043478261,86.72826086956522,2348.6195652173915,0.34004576659038904,0.4361948955916473,9.892328398384926,3.6517162471395883,c214454b897aaed3462a916ce806d788d9e6327fd792ee8e0f69cf096e56815f
dq8gc,29,40,1,ok,92,0,1.0449997778797877,1.0571456795078038,1.0441158039854619,1.1196632555682153,1.491291794426367,0.9618509678930296,1.0675334053751553,0.8024943823358381,1.086671666926076,104.69565217391305,90.55434782608695,86.72826086956522,2348.6195652173915,0.5638443935926774,0.6844547563805105,6.762175324675325,3.6517162471395883,3d834596ef43fb214b6241b8126a7af6f33b6ec1a6f64b9323f9e8fe56af938e
eahcw,1,1,0,ok,78,0,0.8342770022153371,0.7910451750757006,0.856697071531445,0.8761572685798606,1.175856462054466,0.842418288379394,0.8577011272884463,0.6517012083362653,0.8489872243196999,181.43589743589743,91.51282051282051,106.82051282051282,2315.5,0.3443708609271523,0.5119825708061002,7.6260683760683765,3.0654893303899926,2bf9dd23b735de7f88fd40d3c59ea9a6ec0e5661106f89f67f4fa2077753a03b
eahcw,5,8,0,ok,78,0,0.9356635544425717,0.9159214918183721,0.9548727796447432,0.9828574406083184,1.3205002648494855,0.9070913338692852,0.9922123781997502,0.7154807667590768,0.9523698247010296,175.7948717948718,102.0,106.82051282051282,2315.5,0.36019131714495956,0.5294117647058824,8.126659856996936,3.0654893303899926,a040252fc6be7110ec96295ed6973fda1a9e31210854fd0057c7e74cad25ca87
eahcw,10,16,0,ok,78,0,0.8208453662271319,0.7743454717449971,0.8440950552088334,0.8619669168844006,1.1565263579305907,0.8363035873088325,0.8186015711086114,0.6388219600496434,0.8352483015479237,181.3846153846154,90.16666666666667,106.82051282051282,2315.5,0.34253127299484915,0.5098039215686274,7.554242749731472,3.0654893303899926,95a82f1e852154cbc6584d61717d4df58b1a027458cbd2030b28d7add75dce4f
eahcw,14,20,0,ok,78,0,1.1384003665648732,1.1681589799950718,1.14066250600096,1.1969967118795817,1.6121016331248217,1.047053842773515,1.175432146066081,0.8681067692573031,1.1592576340769547,196.7948717948718,121.84615384615384,106.82051282051282,2315.5,0.6272994849153789,0.8997821350762527,5.574193548387097,3.0654893303899926,0834e8794a0e49663a3772e3b280acac8e5a369269e0e0807f5b32c9378ca943
eahcw,28,37,1,ok,78,0,1.2123372752960508,1.2597220627067076,1.209913586173788,1.2749967528423005,1.7177912258516552,1.092045517478572,1.235937665229215,0.9221637939002034,1.2346413325090693,205.52564102564102,129.24358974358975,106.82051282051282,2315.5,0.681383370125092,0.9629629629629629,5.443304535637149,3.0654893303899926,682318fe7e3d030fe86dff0135fd7385dc155dcbc7171810b0d479d065a520a6
egg,1,2,0,ok,74,0,1.2664995480404904,1.348138552076274,1.2610414160508678,1.3530851967005635,1.7399894759506103,1.0864458689366265,1.098948932628172,1.0403249361639482,1.2772344593731095,197.44594594594594,99.16216216216216,78.63513513513513,2063.675675675676,1.124274099883856,0.9562982005141388,3.790289256198347,3.3792102206736354,a592c595fdc3476b6137e749564b1fbec1253b300f704a2b6cb3517dfea826cf
egg,2,3,0,ok,74,0,1.3806140081697338,1.4968000643583699,1.3741192644784328,1.4749914552508707,1.89717271227288,1.1518453473450447,1.187371715158332,1.1342702897130337,1.3922230430251474,245.33783783783784,108.05405405405405,78.63513513513513,2063.675675675676,1.1614401858304297,1.0077120822622108,3.998,3.3792102206736354,4cbe222ebd80d747349092033938101febd90f19e0f3b55ddfd1b93604b9ddb7
egg,3,4,0,ok,74,0,1.3806140081697338,1.4968000643583699,1.3741192644784328,1.4749914552508707,1.89717271227288,1.1518453473450447,1.187371715158332,1.1342702897130337,1.3922230430251474,245.33783783783784,108.05405405405405,78.63513513513513,2063.675675675676,1.1614401858304297,1.0077120822622108,3.998,3.3792102206736354,4cbe222ebd80d747349092033938101febd90f19e0f3b55ddfd1b93604b9ddb7
egg,5,7,0,ok,74,0,1.4504398859849987,1.5876802383767346,1.4435470012029559,1.5495870195024168,1.993139281498633,1.2026961796523974,1.2382139429562242,1.1904240964365653,1.4626371493504386,252.33783783783784,113.51351351351352,78.63513513513513,2063.675675675676,1.1689895470383276,1.0102827763496145,4.172876304023845,3.3792102206736354,1d49b577afff2e9abebd84b199cdce483c6a57094fe74220946f556b9f660c36
egg,8,13,1,ok,74,0,1.9621219298069552,2.2538175143046417,1.9518817666265682,2.096306496281009,2.696904046876099,1.534333600696553,1.6996527418095013,1.5797413768074067,1.9785988295381451,325.8918918918919,153.48648648648648,78.63513513513513,2063.675675675676,1.410569105691057,1.2262210796915167,4.675998353231782,3.3792102206736354,abb16b19d3148e8b51e57045898e0fa47c57280a6f4cb76cf1db31e2660249af
f5w3n,1,3,0,ok,110,0,0.9988916545697157,0.9982206196347173,0.9996177735308169,1.0617261936346059,1.319083655054567,0.9656200929823305,1.0192120571505396,0.8108706183177986,1.0282750966320855,143.21818181818182,95.1,95.13636363636364,2323.4545454545455,0.47426900584795323,0.4755784061696658,6.44944512946979,3.059941520467836,1ced7b5afc92cf1f14ec961b6d7e886b43ae85a7f7fb8b7978a4a0d00849a3ac
f5w3n,2,4,0,ok,110,0,0.9988916545697157,0.9982206196347173,0.9996177735308169,1.0617261936346059,1.319083655054567,0.9656200929823305,1.0192120571505396,0.8108706183177986,1.0282750966320855,143.21818181818182,95.1,95.13636363636364,2323.4545454545455,0.47426900584795323,0.4755784061696658,6.44944512946979,3.059941520467836,1ced7b5afc92cf1f14ec961b6d7e886b43ae85a7f7fb8b7978a4a0d00849a3ac
f5w3n,5,8,0,ok,110,0,0.9988916545697157,0.9982206196347173,0.9996177735308169,1.0617261936346059,1.319083655054567,0.9656200929823305,1.0192120571505396,0.8108706183177986,1.0282750966320855,143.21818181818182,95.1,95.13636363636364,2323.4545454545455,0.47426900584795323,0.4755784061696658,6.44944512946979,3.059941520467836,1ced7b5afc92cf1f14ec961b6d7e886b43ae85a7f7fb8b7978a4a0d00849a3ac
f5w3n,8,12,0,ok,110,0,0.9988916545697157,0.9982206196347173,0.9996177735308169,1.0617261936346059,1.319083655054567,0.9656200929823305,1.0192120571505396,0.8108706183177986,1.0282750966320855,143.21818181818182,95.1,95.13636363636364,2323.4545454545455,0.47426900584795323,0.4755784061696658,6.44944512946979,3.059941520467836,1ced7b5afc92cf1f14ec961b6d7e886b43ae85a7f7fb8b7978a4a0d00849a3ac
f5w3n,10,18,0,ok,110,0,1.3481008340630423,1.431694797861591,1.3445771619684663,1.4331417628332777,1.7809482383901687,1.209551902509928,1.286982688192061,1.0876177214622555,1.3875381947489587,196.3181818181818,127.91818181818182,95.13636363636364,2323.4545454545455,0.5733918128654971,0.5552699228791774,7.17542070372259,3.059941520467836,5e6446daa22ddcfa5850c7d9b1133796dd200b253ec7ef813dfbb43cd49a7671
f5w3n,11,19,0,ok,110,0,1.07123047170022,1.0884674234322558,1.0693741041567129,1.1389127758106001,1.4164662156219405,1.0161597561547082,1.0555348413331087,0.8684832447152716,1.1027675581977046,143.34545454545454,101.73636363636363,95.13636363636364,2323.4545454545455,0.47426900584795323,0.4794344473007712,6.899506781750925,3.059941520467836,9a2db8947ee59b8b899eb399d1ab43444759482937219a387f534f610e544b67
f5w3n,12,20,0,ok,110,0,1.3481008340630423,1.431694797861591,1.3445771619684663,1.4331417628332777,1.7809482383901687,1.209551902509928,1.286982688192061,1.0876177214622555,1.3875381947489587,196.3181818181818,127.91818181818182,95.13636363636364,2323.4545454545455,0.5733918128654971,0.5552699228791774,7.17542070372259,3.059941520467836,5e6446daa22ddcfa5850c7d9b1133796dd200b253ec7ef813dfbb43cd49a7671
f5w3n,14,23,0,ok,110,0,1.1280415000455306,1.1588992839462593,1.1258480649784997,1.1992868576328573,1.4914322299752205,1.0503212420069397,1.1193957271887174,0.9146956249472227,1.1611870188717768,148.34545454545454,107.10909090909091,95.13636363636364,2323.4545454545455,0.4804093567251462,0.48586118251928023,7.171028606208155,3.059941520467836,ec3e531ca2af10c1b94d24f8097432866c59b10e613a72097ad0afa15699ec98
f5w3n,16,25,0,ok,110,0,1.359955531893441,1.4463938333623758,1.3563306258958432,1.4457702393257146,1.7969096254815458,1.217481931067664,1.2792501102629044,1.0999546852489797,1.399779975366203,193.52727272727273,129.03636363636363,95.13636363636364,2323.4545454545455,0.5733918128654971,0.5565552699228792,7.23814380418154,3.059941520467836,c45b966f9b6dd9599c43c497ff0e481cf15cc0099113fbe0793090844f606f30
f5w3n,20,30,1,ok,110,0,0.7650659931296308,0.7083315291243957,0.7672240802675584,0.8133560732367441,1.0116948031528832,0.7890424746189818,0.7731742201164461,0.6182606787617075,0.7877890497963751,77.92727272727272,72.99090909090908,95.13636363636364,2323.4545454545455,0.43187134502923974,0.43958868894601544,5.436018957345971,3.059941520467836,eec1f283811871f8e1c413c8a1b76809389374423ac462fe67e0061eef9c54db
logic_gates,1,2,0,ok,13,0,1.5308563990729158,1.5967836710480088,1.5298823529411765,1.5781140370622044,1.9906748843469977,1.3234166325530623,1.3911379627845368,0.85637388409416,1.5921752874516506,446.7692307692308,250.07692307692307,163.46153846153845,5247.7692307692305,0.49696969696969695,0.4921259842519685,6.607723577235772,2.1464646464646466,540e834444cdc2b5bb01ebacc23dee5795622858fae0923cbab4593f55132396
logic_gates,2,3,0,ok,13,0,1.7732026257716962,1.8692273785441904,1.7717647058823531,1.8278474053732,2.305778066588264,1.4188185988875393,1.537189740466064,1.142721343679483,1.8437588769061266,1124.7692307692307,289.61538461538464,163.46153846153845,5247.7692307692305,1.0222222222222221,0.8622047244094488,3.7203557312252964,2.1464646464646466,d4a0079c395fe3cfd89d31c9dcfc0b2cd6fea34f6dc359d0d86f0a4a64af3501
logic_gates,3,4,0,ok,13,0,1.7732026257716962,1.8692273785441904,1.7717647058823531,1.8278474053732,2.305778066588264,1.4188185988875393,1.537189740466064,1.142721343679483,1.8437588769061266,1124.7692307692307,289.61538461538464,163.46153846153845,5247.7692307692305,1.0222222222222221,0.8622047244094488,3.7203557312252964,2.1464646464646466,d4a0079c395fe3cfd89d31c9dcfc0b2cd6fea34f6dc359d0d86f0a4a64af3501
logic_gates,14,17,0,ok,13,0,0.39710045324879223,0.3223758655800015,0.3971764705882353,0.40921029830118455,0.5159841677686191,0.5224456409579776,0.4703880800527002,0.22157747190644056,0.41299263034982175,61.38461538461539,64.92307692307692,163.46153846153845,5247.7692307692305,0.12727272727272726,0.1732283464566929,6.698412698412699,2.1464646464646466,3e54949049f6582189281efeb86235b0e9da3b279b6abc447e58924cb436c093
logic_gates,17,20,1,ok,13,0,1.7732026257716962,1.8692273785441904,1.7717647058823531,1.8278474053732,2.305778066588264,1.4188185988875393,1.537189740466064,1.142721343679483,1.8437588769061266,1124.7692307692307,289.61538461538464,163.46153846153845,5247.7692307692305,1.0222222222222221,0.8622047244094488,3.7203557312252964,2.1464646464646466,d4a0079c395fe3cfd89d31c9dcfc0b2cd6fea34f6dc359d0d86f0a4a64af3501
n2ntd,1,1,0,ok,103,0,1.297596280301849,1.3677625908662616,1.29918832836741,1.3389056707191545,1.4778660153910108,1.0985089098430347,1.0799347971124627,0.9519686671258252,1.306617468251386,242.85436893203882,122.76699029126213,94.49514563106796,1356.7961165048544,0.4048683556880278,0.4470046082949309,15.515337423312884,4.835072031793343,00ba5df1edd618fe72fd2d171e411a788f5bc18e031285351bc710420a5f9359
n2ntd,3,4,0,ok,103,0,1.4104352742506368,1.5076677364943758,1.4113839515051885,1.4553974231401519,1.6065774281086849,1.156208674656028,1.144440914748444,0.9999021597975746,1.420241861416691,271.18446601941747,133.36893203883494,94.49514563106796,1356.7961165048544,0.4550422255340288,0.532258064516129,14.996724890829695,4.835072031793343,d7571b6968b7bc15b170e405c5526efd44f73fb6aee634a26827c1b6821ddfb5
n2ntd,6,7,0,ok,103,0,1.2255891401601748,1.2796435221507447,1.2242885030309258,1.2647383744771727,1.3964680355133883,1.0827761452171565,0.9891922479569437,0.8644135271488248,1.2341045035980776,144.96116504854368,115.68932038834951,94.49514563106796,1356.7961165048544,0.3825136612021858,0.4377880184331797,15.475324675324675,4.835072031793343,41d8b1c9dd363813283b3f9bcc8c7b58fe6a830cc7a021f037eb35ac5e1e7974
n2ntd,16,20,1,ok,103,0,1.1602271588004176,1.1987373969836002,1.1589437994451866,1.1972854940411466,1.3218455957619415,1.0609075602211104,0.9154422254264921,0.8069371025463768,1.168268182997321,121.48543689320388,109.51456310679612,94.49514563106796,1356.7961165048544,0.36860407352210633,0.423963133640553,15.202156334231805,4.835072031793343,fd486d60f782721cc180f38578e6852c3b18d8e2dc018ef710da9469af0ff1e3
s2kt7,1,2,0,ok,106,0,0.673007858990243,0.5718665911617922,0.6746177370030582,0.7388253013262291,1.0221020051040788,0.7748122268676152,0.8143357015411514,0.5532768540090934,0.7048552851638219,46.22641509433962,52.028301886792455,77.12264150943396,2330.735849056604,0.30313152400835075,0.38924731182795697,7.596418732782369,3.4133611691022963,4598a77c1db632f52f13539896f964c80e17d00c0d4925bcffa1a65de3f43999
s2kt7,4,12,0,ok,106,0,0.9465012915930147,0.9300463225626133,0.9465443425076453,1.0393971002673477,1.4391402350890068,0.9453992173288046,1.0170676335985864,0.7772196936829365,0.9916475096905579,73.22641509433963,73.0,77.12264150943396,2330.735849056604,0.3286012526096033,0.4236559139784946,9.832274459974586,3.4133611691022963,f194a23e297f3732ebb8a8058aec6f31150989a71484fb40b3aad5b6554fc306
s2kt7,23,35,1,ok,106,0,1.5880803746384735,1.7704627055291717,1.5839755351681957,1.7444140942742892,2.4174725490138855,1.359102197653445,1.5506040632896294,1.30375846811915,1.6644428885666325,172.45283018867926,122.16037735849056,77.12264150943396,2330.735849056604,0.8501043841336117,1.0301075268817204,6.360019646365423,3.4133611691022963,212cff8e6d092650b2fc3b9f346ad3c8699bdcff85e67233024661c7386efeaf
va6fq,1,1,0,ok,104,0,1.4479574950802634,1.5582918686921456,1.435432758962171,1.5068230721474478,1.7111053961405356,1.2060898666507962,1.1959479413853173,1.2531687178380149,1.4436116151898828,363.8173076923077,139.375,97.09615384615384,879.4711538461538,0.8706331877729258,0.8211009174311926,9.087774294670846,5.512008733624454,d26d9a41fda50ee9a39a5136c71830bffa0b3f8574a9bba0151000f46abbc846
va6fq,2,2,0,ok,104,0,1.4488155604548263,1.5634754297245748,1.4221628045157457,1.5083758134175105,1.7129603955136712,1.2663909335713712,1.1801441357439364,1.1758897488810862,1.4444225036086171,198.52884615384616,138.08653846153845,97.09615384615384,879.4711538461538,0.7205240174672489,0.6972477064220184,10.879545454545454,5.512008733624454,5dd11d0274f4c435e8474acf30123cb60e3c674fb2921d0005cac3f419f85cec
va6fq,7,9,0,ok,104,0,1.5502339496019073,1.6904583292034823,1.5191126955832839,1.6140938396904514,1.8331865958277243,1.3427358036607182,1.2691389248857352,1.2576670225393973,1.5455414791058515,209.52884615384616,147.5,97.09615384615384,879.4711538461538,0.7308951965065502,0.7110091743119266,11.45631067961165,5.512008733624454,d9c69d5c2e1486ee17f845ae7091075c6b0ff16ad16b1b7556e1434ca63f98ab
va6fq,24,32,1,ok,104,0,1.604597949605075,1.7582969585161758,1.5717963953258072,1.6707359582952523,1.8975592370380845,1.3861077355502571,1.3184925666677054,1.3009688454255008,1.5997308176893072,216.52884615384616,152.6153846153846,97.09615384615384,879.4711538461538,0.7418122270742358,0.7110091743119266,11.679175864606329,5.512008733624454,b35a55f7b7161451d0c423985d70874361e4665f654c2d8ec205c7ab1529a7cf
