Step,Action,Reasoning,Observation,Auxiliary_Observation,Reward,Done
0,noop,manual,"Task: interactive
Step: 0
Phase: Interactive
Available actions now:
- left
- right
- up
- down
- click ROW COL  (ROW first, then COL, both in 0..15; matches the (row, col) order the perception reports)
- noop
- quit
- reset

========== Start of Direct Observation ==========
Welcome, you are now in the interactive phase, where you can interact with the grid using the available actions.
During the interactive phase your goal is to act in the environment to understand the underlying rules of the environment. You can reset the environment to it's initial state at any time.

Here is the initial state of the grid: 
[[""black"", ""black"", ""black"", ""black"", ""black"", ""black"", ""black"", ""black"", ""black"", ""black"", ""black"", ""black"", ""black"", ""black"", ""black"", ""black""], [""black"", ""black"", ""black"", ""black"", ""black"", ""black"", ""black"", ""black"", ""black"", ""black"", ""black"", ""black"", ""black"", ""black"", ""black"", ""black""], [""black"", ""black"", ""black"", ""black"", ""black"", ""black"", ""black"", ""black"", ""black"", ""black"", ""black"", ""black"", ""black"", ""black"", ""black"", ""black""], [""black"", ""black"", ""black"", ""black"", ""black"", ""black"", ""black"", ""black"", ""black"", ""black"", ""black"", ""black"", ""black"", ""black"", ""black"", ""black""], [""black"", ""black"", ""black"", ""black"", ""black"", ""black"", ""black"", ""black"", ""black"", ""black"", ""black"", ""black"", ""black"", ""black"", ""black"", ""black""], [""black"", ""black"", ""black"", ""black"", ""black"", ""black"", ""black"", ""black"", ""black"", ""black"", ""black"", ""black"", ""black"", ""black"", ""black"", ""black""], [""black"", ""black"", ""black"", ""black"", ""black"", ""black"", ""black"", ""black"", ""black"", ""black"", ""black"", ""black"", ""black"", ""black"", ""black"", ""black""], [""black"", ""black"", ""black"", ""black"", ""blue"", ""black"", ""black"", ""red"", ""black"", ""black"", ""black"", ""black"", ""black"", ""black"", ""black"", ""black""], [""black"", ""black"", ""black"", ""black"", ""blue"", ""black"", ""black"", ""red"", ""black"", ""black"", ""black"", ""black"", ""black"", ""black"", ""black"", ""black""], [""black"", ""black"", ""black"", ""black"", ""black"", ""black"", ""black"", ""black"", ""black"", ""black"", ""black"", ""black"", ""black"", ""black"", ""black"", ""black""], [""black"", ""black"", ""black"", ""black"", ""black"", ""black"", ""black"", ""black"", ""black"", ""black"", ""black"", ""black"", ""black"", ""black"", ""black"", ""black""], [""black"", ""black"", ""black"", ""black"", ""black"", ""black"", ""black"", ""black"", ""black"", ""black"", ""black"", ""black"", ""black"", ""black"", ""black"", ""black""], [""black"", ""black"", ""black"", ""black"", ""black"", ""black"", ""black"", ""black"", ""black"", ""black"", ""black"", ""black"", ""black"", ""black"", ""black"", ""black""], [""black"", ""black"", ""black"", ""black"", ""black"", ""black"", ""black"", ""black"", ""black"", ""black"", ""black"", ""black"", ""black"", ""black"", ""black"", ""black""], [""black"", ""black"", ""black"", ""black"", ""black"", ""black"", ""black"", ""black"", ""black"", ""black"", ""black"", ""black"", ""black"", ""black"", ""black"", ""black""], [""black"", ""black"", ""black"", ""black"", ""black"", ""black"", ""black"", ""black"", ""black"", ""black"", ""black"", ""black"", ""black"", ""black"", ""black"", ""black""]]",,0.0,False
1,left,manual,"Task: interactive
Step: 1
Phase: Interactive
Available actions now:
- left
- right
- up
- down
- click ROW COL  (ROW first, then COL, both in 0..15; matches the (row, col) order the perception reports)
- noop
- quit
- reset

========== Start of Direct Observation ==========
[[""black"", ""black"", ""black"", ""black"", ""black"", ""black"", ""black"", ""black"", ""black"", ""black"", ""black"", ""black"", ""black"", ""black"", ""black"", ""black""], [""black"", ""black"", ""black"", ""black"", ""black"", ""black"", ""black"", ""black"", ""black"", ""black"", ""black"", ""black"", ""black"", ""black"", ""black"", ""black""], [""black"", ""black"", ""black"", ""black"", ""black"", ""black"", ""black"", ""black"", ""black"", ""black"", ""black"", ""black"", ""black"", ""black"", ""black"", ""black""], [""black"", ""black"", ""black"", ""black"", ""black"", ""black"", ""black"", ""black"", ""black"", ""black"", ""black"", ""black"", ""black"", ""black"", ""black"", ""black""], [""black"", ""black"", ""black"", ""black"", ""black"", ""black"", ""black"", ""black"", ""black"", ""black"", ""black"", ""black"", ""black"", ""black"", ""black"", ""black""], [""black"", ""black"", ""black"", ""black"", ""black"", ""black"", ""black"", ""black"", ""black"", ""black"", ""black"", ""black"", ""black"", ""black"", ""black"", ""black""], [""black"", ""black"", ""black"", ""black"", ""black"", ""black"", ""black"", ""black"", ""black"", ""black"", ""black"", ""black"", ""black"", ""black"", ""black"", ""black""], [""black"", ""black"", ""black"", ""black"", ""blue"", ""black"", ""black"", ""red"", ""black"", ""black"", ""black"", ""black"", ""black"", ""black"", ""black"", ""black""], [""black"", ""black"", ""black"", ""black"", ""blue"", ""black"", ""black"", ""red"", ""black"", ""black"", ""black"", ""black"", ""black"", ""black"", ""black"", ""black""], [""black"", ""black"", ""black"", ""black"", ""black"", ""black"", ""black"", ""black"", ""black"", ""black"", ""black"", ""black"", ""black"", ""black"", ""black"", ""black""], [""black"", ""black"", ""black"", ""black"", ""black"", ""black"", ""black"", ""black"", ""black"", ""black"", ""black"", ""black"", ""black"", ""black"", ""black"", ""black""], [""black"", ""black"", ""black"", ""black"", ""black"", ""black"", ""black"", ""black"", ""black"", ""black"", ""black"", ""black"", ""black"", ""black"", ""black"", ""black""], [""black"", ""black"", ""black"", ""black"", ""black"", ""black"", ""black"", ""black"", ""black"", ""black"", ""black"", ""black"", ""black"", ""black"", ""black"", ""black""], [""black"", ""black"", ""black"", ""black"", ""black"", ""black"", ""black"", ""black"", ""black"", ""black"", ""black"", ""black"", ""black"", ""black"", ""black"", ""black""], [""black"", ""black"", ""black"", ""black"", ""black"", ""black"", ""black"", ""black"", ""black"", ""black"", ""black"", ""black"", ""black"", ""black"", ""black"", ""black""], [""black"", ""black"", ""black"", ""black"", ""black"", ""black"", ""black"", ""black"", ""black"", ""black"", ""black"", ""black"", ""black"", ""black"", ""black"", ""black""]]",,0.0,False
