game,name,split,first_plotted_idx,first_plotted_status,first_plotted_info,first_valid_idx,first_valid_it,first_valid_info,first_train_score,ship_idx,ship_it,ship_info,ship_train_score,ship_mean_out_chars,ship_diversity,first_diversity,absolute_change,relative_change,log_change,valid_incumbents,n_frames,mean_raw_gz,mean_grid_cells,mean_nonmodal_cells,mean_colors,raw_mean_chars,train_test_shared_frames,test_frame_overlap_fraction,up_jumps,down_jumps,flat_incumbent_updates,monotonic
7www9,Magnets,train,1,ok,0.6195601311522053,1,1,0.6195601311522053,0.8425724637681159,14,20,0.9474568146165626,0.9503623188405796,57.57142857142857,0.2935647143890094,0.25668835864063627,0.3278966834643573,0.529241096993383,0.4247715973111875,4,56,70.51785714285714,256.0,3.892857142857143,2.982142857142857,2330.1071428571427,22,0.44,2,0,1,1
7www9,Magnets,test,1,ok,0.6283372986608231,1,1,0.6283372986608231,0.8425724637681159,14,20,0.9569776727491741,0.9503623188405796,58.24,0.3132137030995106,0.26835236541598695,0.328640374088351,0.5230317773412196,0.42070293866004227,4,50,70.14,256.0,3.92,2.98,2330.08,22,0.44,2,0,1,1
7xf97,Grow,train,1,ok,1.2556742618316283,1,1,1.2556742618316283,0.20677730496453903,23,27,1.4831495661660588,0.6517085106382978,194.24657534246575,0.5092954990215264,0.6541095890410958,0.22747530433443042,0.18115789361057422,0.1664952231227054,5,73,92.47945205479452,256.0,28.10958904109589,4.506849315068493,2319.6575342465753,12,0.18461538461538463,1,1,2,0
7xf97,Grow,test,1,ok,1.2649404464330176,1,1,1.2649404464330176,0.20677730496453903,23,27,1.4635345447632249,0.6517085106382978,197.43076923076924,0.47204610951008646,0.592507204610951,0.19859409833020725,0.15699877325467693,0.14582938792979933,5,65,94.18461538461538,256.0,29.26153846153846,4.6,2319.476923076923,12,0.18461538461538463,1,1,2,0
SET,SET,train,1,ok,2.4160654371368673,1,1,2.4160654371368673,0.08670267774699908,12,19,2.61858079817096,0.34893536472760844,1341.2121212121212,1.0719393282773564,1.1094257854821234,0.20251536103409284,0.08382031294404069,0.08049212631050333,3,99,133.88888888888889,400.0,118.63636363636364,5.212121212121212,3650.030303030303,3,0.03896103896103896,1,0,1,1
SET,SET,test,1,ok,2.316239726857479,1,1,2.316239726857479,0.08670267774699908,12,19,2.511721170652024,0.34893536472760844,1259.5324675324675,1.0886615515771525,1.1244671781756181,0.19548144379454513,0.08439603272833995,0.0810231801409743,3,77,131.58441558441558,400.0,112.01298701298701,5.038961038961039,3644.2077922077924,3,0.03896103896103896,1,0,1,1
bt3gb,Ice,train,1,syntax,0.21262347412443666,2,2,0.8537518036610764,0.140068085106383,12,22,1.2510821467029827,0.7250602836879433,146.2127659574468,0.4575242718446602,0.4866504854368932,0.3973303430419063,0.4653932692593632,0.3821236496250596,6,94,94.98936170212765,256.0,15.191489361702128,3.6382978723404253,2337.6702127659573,5,0.06493506493506493,3,1,1,0
bt3gb,Ice,test,1,syntax,0.2164504533886684,2,2,0.8680049525050604,0.140068085106383,12,22,1.277737081640619,0.7250602836879433,157.37662337662337,0.43826530612244896,0.44642857142857145,0.4097321291355587,0.4720389301386734,0.386648467062043,6,77,93.0909090909091,256.0,14.74025974025974,3.1948051948051948,2347.103896103896,5,0.06493506493506493,3,1,1,0
colour_lines,Colour Lines,train,1,ok,1.0981763028850868,1,1,1.0981763028850868,0.07003296703296703,12,19,1.1120483498541336,0.46684981684981686,175.54128440366972,0.5990361445783132,0.6062650602409638,0.013872046969046758,0.012631894289289125,0.012552777479413135,4,109,108.41284403669725,100.0,14.724770642201834,5.458715596330276,914.5688073394496,1,0.011363636363636364,2,1,0,0
colour_lines,Colour Lines,test,1,ok,1.1052548765056864,1,1,1.1052548765056864,0.07003296703296703,12,19,1.1213196076264882,0.46684981684981686,157.3068181818182,0.5874125874125874,0.5903263403263403,0.016064731120801756,0.014534865633518912,0.014430247000749298,4,88,103.22727272727273,100.0,13.147727272727273,5.488636363636363,913.6818181818181,1,0.011363636363636364,2,1,0,0
diffusion,Diffusion,train,1,ok,1.233411243321285,1,1,1.233411243321285,0.15346256684491977,28,38,1.2371731944441133,0.5368181818181819,112.2280701754386,0.7114449845338047,0.9739284136102518,0.0037619511228283997,0.0030500379684381684,0.0030453960389460366,8,114,82.60526315789474,81.0,19.30701754385965,4.0,729.7017543859649,0,0.0,2,3,2,0
diffusion,Diffusion,test,1,ok,1.1867259763559637,1,1,1.1867259763559637,0.15346256684491977,28,38,1.1629061004026424,0.5368181818181819,119.8,0.7230910763569457,0.9875804967801288,-0.023819875953321246,-0.020071925977776295,-0.020276103865853976,8,85,92.72941176470589,81.0,21.2,4.0,723.0,0,0.0,2,3,2,0
dino,Dino,train,1,ok,0.6903218656837685,1,1,0.6903218656837685,0.08333333333333333,18,25,0.9096010764007242,0.9359649122807017,86.48543689320388,0.25634856990109595,0.24164661855118952,0.21927921071695566,0.31764778376208347,0.27584816498120796,7,103,104.41747572815534,400.0,9.466019417475728,3.854368932038835,3629.864077669903,20,0.21978021978021978,4,1,1,0
dino,Dino,test,1,ok,0.6885173572963549,1,1,0.6885173572963549,0.08333333333333333,18,25,0.9074560574891578,0.9359649122807017,86.37362637362638,0.26117149758454106,0.2623792270531401,0.21893870019280293,0.31798573830080845,0.27610461530918273,7,91,104.62637362637362,400.0,9.351648351648352,3.901098901098901,3630.0,20,0.21978021978021978,4,1,1,0
dq8gc,Disease,train,1,ok,0.6235491773843898,1,2,0.6235491773843898,0.558386524822695,29,40,1.0449997778797877,0.7325429078014184,104.69565217391305,0.5638443935926774,0.25720823798627,0.42145060049539795,0.6758899149915689,0.516344316723402,5,92,86.72826086956522,256.0,4.934782608695652,2.532608695652174,2348.6195652173915,5,0.08196721311475409,3,0,1,1
dq8gc,Disease,test,1,ok,0.6268464478221075,1,2,0.6268464478221075,0.558386524822695,29,40,1.0672967672795957,0.7325429078014184,104.77049180327869,0.5731115731115731,0.2661122661122661,0.44045031945748814,0.7026446763601719,0.5321827342035336,5,61,83.65573770491804,256.0,4.934426229508197,2.5081967213114753,2349.1803278688526,5,0.08196721311475409,3,0,1,1
eahcw,Paint,train,1,ok,0.8342770022153371,1,1,0.8342770022153371,0.7192081560283689,28,37,1.2123372752960508,0.9069840425531914,205.52564102564102,0.681383370125092,0.3443708609271523,0.37806027308071377,0.453159169049145,0.37373992370148784,5,78,106.82051282051282,256.0,17.576923076923077,3.358974358974359,2315.5,1,0.02040816326530612,3,1,0,0
eahcw,Paint,test,1,ok,0.7202414770288234,1,1,0.7202414770288234,0.7192081560283689,28,37,1.1275995054208439,0.9069840425531914,128.51020408163265,0.6932972241029113,0.32159783344617465,0.4073580283920205,0.5655853507249742,0.44825978008416817,5,49,93.16326530612245,256.0,9.428571428571429,3.5918367346938775,2326.1020408163267,1,0.02040816326530612,3,1,0,0
egg,Egg,train,1,ok,1.2664995480404904,1,2,1.2664995480404904,0.6000425531914894,8,13,1.9621219298069552,0.8650290780141845,325.8918918918919,1.410569105691057,1.124274099883856,0.6956223817664648,0.5492480300073708,0.43776967128100497,5,74,78.63513513513513,256.0,20.945945945945947,3.0,2063.675675675676,35,0.5833333333333334,3,0,1,1
egg,Egg,test,1,ok,1.2576793630122112,1,2,1.2576793630122112,0.6000425531914894,8,13,1.9481126017449024,0.8650290780141845,324.43333333333334,1.5053533190578159,1.2098501070663812,0.6904332387326912,0.5489739746377533,0.4375927598976881,5,60,78.95,256.0,20.816666666666666,3.0,2063.9166666666665,35,0.5833333333333334,3,0,1,1
f5w3n,Space Invaders,train,1,ok,0.9988916545697157,1,3,0.9988916545697157,0.03558558558558558,20,30,0.7650659931296308,0.5824324324324324,77.92727272727272,0.43187134502923974,0.47426900584795323,-0.233825661440085,-0.2340851086004999,-0.26668422324802915,10,110,95.13636363636364,256.0,10.6,4.218181818181818,2323.4545454545455,2,0.02127659574468085,3,3,3,0
f5w3n,Space Invaders,test,1,ok,1.0181372516172589,1,3,1.0181372516172589,0.03558558558558558,20,30,0.7828966704539325,0.5824324324324324,82.95744680851064,0.4296221999331327,0.4754262788365095,-0.23524058116332636,-0.23104996972624148,-0.2627292917259491,10,94,97.90425531914893,256.0,11.47872340425532,4.319148936170213,2323.574468085106,2,0.02127659574468085,3,3,3,0
logic_gates,Logic Gates,train,1,ok,1.5308563990729158,1,2,1.5308563990729158,0.058350981902194836,17,20,1.7732026257716962,0.2847700872801951,1124.7692307692307,1.0222222222222221,0.49696969696969695,0.24234622669878036,0.15830761581918784,0.1469599879316886,5,13,163.46153846153845,576.0,99.0,5.846153846153846,5247.7692307692305,13,1.0,2,1,1,0
logic_gates,Logic Gates,test,1,ok,1.5308563990729158,1,2,1.5308563990729158,0.058350981902194836,17,20,1.7732026257716962,0.2847700872801951,1124.7692307692307,1.0222222222222221,0.49696969696969695,0.24234622669878036,0.15830761581918784,0.1469599879316886,5,13,163.46153846153845,576.0,99.0,5.846153846153846,5247.7692307692305,13,1.0,2,1,1,0
n2ntd,Mario,train,1,ok,1.297596280301849,1,1,1.297596280301849,0.4333830104321908,16,20,1.1602271588004176,0.7903471187282664,121.48543689320388,0.36860407352210633,0.4048683556880278,-0.13736912150143143,-0.1058642996953385,-0.11189772527760998,4,103,94.49514563106796,144.0,16.883495145631066,4.747572815533981,1356.7961165048544,9,0.0989010989010989,1,2,0,0
n2ntd,Mario,test,1,ok,1.313698697271746,1,1,1.313698697271746,0.4333830104321908,16,20,1.1541104216425937,0.7903471187282664,126.75824175824175,0.38856812933025403,0.4289838337182448,-0.15958827562915223,-0.12148012018325116,-0.12951674233754712,4,91,96.56043956043956,144.0,18.032967032967033,4.912087912087912,1355.2747252747254,9,0.0989010989010989,1,2,0,0
s2kt7,Ants,train,1,ok,0.673007858990243,1,2,0.673007858990243,0.09006194180351484,23,35,1.5880803746384735,0.3768063958513397,172.45283018867926,0.8501043841336117,0.30313152400835075,0.9150725156482306,1.3596758246198979,0.8585242471532376,3,106,77.12264150943396,256.0,3.4339622641509435,2.849056603773585,2330.735849056604,4,0.045454545454545456,2,0,0,1
s2kt7,Ants,test,1,ok,0.6752712950397373,1,2,0.6752712950397373,0.09006194180351484,23,35,1.6116416616781073,0.3768063958513397,161.6590909090909,0.8310571573090542,0.29033889731917045,0.93637036663837,1.3866580343582768,0.8698940754089134,3,88,75.11363636363636,256.0,2.840909090909091,2.7613636363636362,2332.0,4,0.045454545454545456,2,0,0,1
va6fq,Sand,train,1,ok,1.4479574950802634,1,1,1.4479574950802634,0.36004395604395606,24,32,1.604597949605075,0.47003296703296704,216.52884615384616,0.7418122270742358,0.8706331877729258,0.15664045452481168,0.10818028502703303,0.10271928720717198,4,104,97.09615384615384,100.0,39.24038461538461,5.105769230769231,879.4711538461538,1,0.010638297872340425,3,0,0,1
va6fq,Sand,test,1,ok,1.3289054014194326,1,1,1.3289054014194326,0.36004395604395606,24,32,1.4944415801338262,0.47003296703296704,209.40425531914894,0.6804123711340206,0.7913887204366282,0.16553617871439363,0.1245658107323373,0.11739701514435144,4,94,102.74468085106383,100.0,37.319148936170215,5.159574468085107,901.6702127659574,1,0.010638297872340425,3,0,0,1
