game,split,previous,idx,iteration,delta_info,delta_score,p_same,k_same,component
7www9,train,1,4,4,0.21260833609880136,0.040760869565217406,0,0,world_knowledge
7www9,train,4,11,16,0.11528834736555593,0.005525362318840599,0,0,world_knowledge
7www9,train,11,14,20,0.0,0.06150362318840574,1,0,world_knowledge
7www9,test,1,4,4,0.2122545721095349,0.040760869565217406,0,0,world_knowledge
7www9,test,4,11,16,0.1163858019788161,0.005525362318840599,0,0,world_knowledge
7www9,test,11,14,20,0.0,0.06150362318840574,1,0,world_knowledge
7xf97,train,1,2,3,-0.008973173604222895,0.12661985815602836,0,1,perception
7xf97,train,2,7,8,0.0,0.09170567375886524,1,0,world_knowledge
7xf97,train,7,10,12,0.0,0.19940212765957444,1,0,world_knowledge
7xf97,train,10,23,27,0.2364484779386533,0.027203546099290765,0,1,perception
7xf97,test,1,2,3,-0.009500363747034557,0.12661985815602836,0,1,perception
7xf97,test,2,7,8,0.0,0.09170567375886524,1,0,world_knowledge
7xf97,test,7,10,12,0.0,0.19940212765957444,1,0,world_knowledge
7xf97,test,10,23,27,0.2080944620772418,0.027203546099290765,0,1,perception
SET,train,1,2,4,0.0,0.2194482917820868,1,0,world_knowledge
SET,train,2,12,19,0.20251536103409284,0.04278439519852256,0,0,perception
SET,test,1,2,4,0.0,0.2194482917820868,1,0,world_knowledge
SET,test,2,12,19,0.19548144379454513,0.04278439519852256,0,0,perception
bt3gb,train,2,4,4,0.12794278886702282,0.39475992907801416,0,0,world_knowledge
bt3gb,train,4,6,8,0.0,0.047729078014184356,1,0,world_knowledge
bt3gb,train,6,8,14,0.18468501057631392,0.019492907801418435,0,1,perception
bt3gb,train,8,10,17,-0.334034808232922,0.014979432624113498,0,0,perception
bt3gb,train,10,12,22,0.4187373518314915,0.10803085106382981,0,0,perception
bt3gb,test,2,4,4,0.1256094233383278,0.39475992907801416,0,0,world_knowledge
bt3gb,test,4,6,8,0.0,0.047729078014184356,1,0,world_knowledge
bt3gb,test,6,8,14,0.20392443872731758,0.019492907801418435,0,1,perception
bt3gb,test,8,10,17,-0.3737644854661353,0.014979432624113498,0,0,perception
bt3gb,test,10,12,22,0.45396275253604856,0.10803085106382981,0,0,perception
colour_lines,train,1,5,9,0.21696817619584596,1.8315018315007148e-05,0,1,perception
colour_lines,train,5,9,16,-0.21696817619584596,0.29685347985347993,0,0,world_knowledge
colour_lines,train,9,12,19,0.013872046969046758,0.0999450549450549,0,1,perception
colour_lines,test,1,5,9,0.2174704517664967,1.8315018315007148e-05,0,1,perception
colour_lines,test,5,9,16,-0.2174704517664967,0.29685347985347993,0,0,world_knowledge
colour_lines,test,9,12,19,0.016064731120801756,0.0999450549450549,0,1,perception
diffusion,train,1,2,3,-0.02521868106451608,0.046671122994652425,0,1,perception
diffusion,train,2,3,4,0.0,0.03324420677361853,1,0,world_knowledge
diffusion,train,3,7,8,0.0,0.13344474153297683,1,0,world_knowledge
diffusion,train,7,18,28,1.1826021692678867,0.09154411764705878,0,0,world_knowledge
diffusion,train,18,21,31,-1.2200162317111631,0.00832219251336902,0,0,perception
diffusion,train,21,24,34,-0.1508724927044529,0.016800356506238845,0,0,perception
diffusion,train,24,28,38,0.21726718733507377,0.053328877005347664,0,1,perception
diffusion,test,1,2,3,-0.037019670280183936,0.046671122994652425,0,1,perception
diffusion,test,2,3,4,0.0,0.03324420677361853,1,0,world_knowledge
diffusion,test,3,7,8,0.0,0.13344474153297683,1,0,world_knowledge
diffusion,test,7,18,28,1.0158208185451352,0.09154411764705878,0,0,world_knowledge
diffusion,test,18,21,31,-1.054518320624974,0.00832219251336902,0,0,perception
diffusion,test,21,24,34,-0.14113542142448554,0.016800356506238845,0,0,perception
diffusion,test,24,28,38,0.19303271783118703,0.053328877005347664,0,1,perception
dino,train,1,2,2,0.1479786440372418,0.04210526315789474,0,1,perception
dino,train,2,3,3,0.01777692466987535,0.21052631578947367,0,1,perception
dino,train,3,4,4,0.0,0.5236842105263158,1,0,world_knowledge
dino,train,4,8,9,0.11979898119812615,0.033333333333333326,0,1,perception
dino,train,8,16,19,0.1894935717318682,0.03421052631578947,0,1,perception
dino,train,16,18,25,-0.25576891092015586,0.00877192982456132,0,0,perception
dino,test,1,2,2,0.1500477626415606,0.04210526315789474,0,1,perception
dino,test,2,3,3,0.013039422789496768,0.21052631578947367,0,1,perception
dino,test,3,4,4,0.0,0.5236842105263158,1,0,world_knowledge
dino,test,4,8,9,0.11909887128408181,0.033333333333333326,0,1,perception
dino,test,8,16,19,0.19011863739097423,0.03421052631578947,0,1,perception
dino,test,16,18,25,-0.2533659939133105,0.00877192982456132,0,0,perception
dq8gc,train,1,2,3,0.08803247992358576,0.02830709219858163,0,1,perception
dq8gc,train,2,4,8,0.0,0.008379432624113337,1,0,world_knowledge
dq8gc,train,4,10,16,0.21058798628504827,0.12024078014184414,0,0,world_knowledge
dq8gc,train,10,29,40,0.12283013428676393,0.017229078014184274,0,0,world_knowledge
dq8gc,test,1,2,3,0.09249390827641579,0.02830709219858163,0,1,perception
dq8gc,test,2,4,8,0.0,0.008379432624113337,1,0,world_knowledge
dq8gc,test,4,10,16,0.23921380970657813,0.12024078014184414,0,0,world_knowledge
dq8gc,test,10,29,40,0.10874260147449422,0.017229078014184274,0,0,world_knowledge
eahcw,train,1,5,8,0.10138655222723458,0.1405382978723403,0,0,world_knowledge
eahcw,train,5,10,16,-0.11481818821543976,0.009447517730496457,0,0,world_knowledge
eahcw,train,10,14,20,0.3175550003377413,0.03083439716312064,0,0,world_knowledge
eahcw,train,14,28,37,0.07393690873117764,0.0069556737588651885,0,1,perception
eahcw,test,1,5,8,0.09827576330694654,0.1405382978723403,0,0,world_knowledge
eahcw,test,5,10,16,-0.1139669876467424,0.009447517730496457,0,0,world_knowledge
eahcw,test,10,14,20,0.3453003382311637,0.03083439716312064,0,0,world_knowledge
eahcw,test,14,28,37,0.07774891450065269,0.0069556737588651885,0,1,perception
egg,train,1,2,3,0.11411446012924342,0.03329787234042547,0,1,perception
egg,train,2,3,4,0.0,0.07083865248226962,1,0,world_knowledge
egg,train,3,5,7,0.06982587781526495,0.08250744680851063,0,1,perception
egg,train,5,8,13,0.5116820438219565,0.07834255319148942,0,1,perception
egg,test,1,2,3,0.11375402484488273,0.03329787234042547,0,1,perception
egg,test,2,3,4,0.0,0.07083865248226962,1,0,world_knowledge
egg,test,3,5,7,0.06851144786894792,0.08250744680851063,0,1,perception
egg,test,5,8,13,0.5081677660188606,0.07834255319148942,0,1,perception
f5w3n,train,1,2,4,0.0,0.35855855855855856,1,0,world_knowledge
f5w3n,train,2,5,8,0.0,0.07612612612612613,1,0,world_knowledge
f5w3n,train,5,8,12,0.0,0.0022522522522522292,1,0,world_knowledge
f5w3n,train,8,10,18,0.3492091794933265,0.014414414414414434,0,1,perception
f5w3n,train,10,11,19,-0.27687036236282236,0.00810810810810808,0,0,perception
f5w3n,train,11,12,20,0.27687036236282236,0.05180180180180177,0,0,world_knowledge
f5w3n,train,12,14,23,-0.22005933401751165,0.020720720720720842,0,0,perception
f5w3n,train,14,16,25,0.23191403184791048,0.0036036036036034558,0,0,perception
f5w3n,train,16,20,30,-0.5948895387638103,0.011261261261261257,0,0,perception
f5w3n,test,1,2,4,0.0,0.35855855855855856,1,0,world_knowledge
f5w3n,test,2,5,8,0.0,0.07612612612612613,1,0,world_knowledge
f5w3n,test,5,8,12,0.0,0.0022522522522522292,1,0,world_knowledge
f5w3n,test,8,10,18,0.3365321100954408,0.014414414414414434,0,1,perception
f5w3n,test,10,11,19,-0.27810677011205365,0.00810810810810808,0,0,perception
f5w3n,test,11,12,20,0.27810677011205365,0.05180180180180177,0,0,world_knowledge
f5w3n,test,12,14,23,-0.22304309113377996,0.020720720720720842,0,0,perception
f5w3n,test,14,16,25,0.23587439037166535,0.0036036036036034558,0,0,perception
f5w3n,test,16,20,30,-0.5846039904966526,0.011261261261261257,0,0,perception
logic_gates,train,1,2,3,0.24234622669878036,0.14778462328327557,0,1,perception
logic_gates,train,2,3,4,0.0,0.01806491464510332,1,0,world_knowledge
logic_gates,train,3,14,17,-1.376102172522904,0.0549958285200873,0,0,perception
logic_gates,train,14,17,20,1.376102172522904,0.005573738929534056,0,0,world_knowledge
logic_gates,test,1,2,3,0.24234622669878036,0.14778462328327557,0,1,perception
logic_gates,test,2,3,4,0.0,0.01806491464510332,1,0,world_knowledge
logic_gates,test,3,14,17,-1.376102172522904,0.0549958285200873,0,0,perception
logic_gates,test,14,17,20,1.376102172522904,0.005573738929534056,0,0,world_knowledge
n2ntd,train,1,3,4,0.11283899394878771,0.2611276701440635,0,0,world_knowledge
n2ntd,train,3,6,7,-0.1848461340904619,0.05695168902136116,0,1,perception
n2ntd,train,6,16,20,-0.06536198135975724,0.038884749130650875,0,0,world_knowledge
n2ntd,test,1,3,4,0.10698725464820935,0.2611276701440635,0,0,world_knowledge
n2ntd,test,3,6,7,-0.20338670315786667,0.05695168902136116,0,1,perception
n2ntd,test,6,16,20,-0.06318882711949492,0.038884749130650875,0,0,world_knowledge
s2kt7,train,1,4,12,0.2734934326027717,0.2550482569864592,0,0,world_knowledge
s2kt7,train,4,23,35,0.6415790830454589,0.031696197061365616,0,1,perception
s2kt7,test,1,4,12,0.27978549224939975,0.2550482569864592,0,0,world_knowledge
s2kt7,test,4,23,35,0.6565848743889703,0.031696197061365616,0,1,perception
va6fq,train,1,2,2,0.0008580653745628997,0.006659340659340651,0,1,perception
va6fq,train,2,7,9,0.10141838914708101,0.09998168498168503,0,0,perception
va6fq,train,7,24,32,0.05436400000316777,0.003347985347985305,0,0,world_knowledge
va6fq,test,1,2,2,0.017980096388777733,0.006659340659340651,0,1,perception
va6fq,test,2,7,9,0.09512376196058914,0.09998168498168503,0,0,perception
va6fq,test,7,24,32,0.05243232036502676,0.003347985347985305,0,0,world_knowledge
