game,split,parent,idx,iteration,p_same,k_same,nonempty_k,delta_info,delta_score
7www9,train,3,4,4,1,0,0,0.0,0.13152173913043474
7www9,train,1,5,5,0,1,0,0.19882635766124868,-0.6997282608695652
7www9,train,1,6,6,0,1,0,0.13605839392238217,-0.06702898550724634
7www9,train,4,7,7,0,1,1,-0.04216122969400338,-0.7690217391304348
7www9,train,6,8,8,1,0,0,0.0,0.019202898550724545
7www9,train,3,9,9,0,1,0,0.11528834736555593,0.03188405797101446
7www9,train,4,10,15,0,1,1,0.29618110087639826,-0.023731884057970887
7www9,train,9,11,16,1,0,0,0.0,0.10516304347826089
7www9,train,2,12,17,0,1,0,0.06843362146549303,-0.12481884057971016
7www9,train,10,13,19,0,1,1,-0.02129215716234656,0.007427536231883969
7www9,train,11,14,20,1,0,1,0.0,0.06150362318840574
7www9,train,14,16,22,0,1,1,0.09932737939757763,-0.032971014492753636
7www9,train,11,17,23,0,1,1,-0.04256887688467614,0.028170289855072417
7www9,train,14,18,24,1,0,1,0.0,-0.028532608695652217
7www9,train,16,19,25,0,1,1,0.36954837849549826,0.01666666666666672
7www9,train,18,20,27,0,1,1,0.258744948143799,0.0
7www9,train,3,21,28,1,0,0,0.0,0.020018115942028958
7www9,train,13,22,31,0,1,1,0.008873873873873839,0.008514492753623149
7www9,train,17,23,32,1,0,1,0.0,0.0
7www9,train,20,27,37,0,1,1,0.09246421569933694,-0.0455615942028984
7www9,train,13,28,38,0,1,1,0.008873873873873839,-0.020742753623188448
7www9,train,23,29,39,0,1,1,0.004794079794079753,0.00851449275362326
7www9,test,3,4,4,1,0,0,0.0,0.13152173913043474
7www9,test,1,5,5,0,1,0,0.19429464569978672,-0.6997282608695652
7www9,test,1,6,6,0,1,0,0.1350326202646751,-0.06702898550724634
7www9,test,4,7,7,0,1,1,-0.04648796644167563,-0.7690217391304348
7www9,test,6,8,8,1,0,0,0.0,0.019202898550724545
7www9,test,3,9,9,0,1,0,0.1163858019788161,0.03188405797101446
7www9,test,4,10,15,0,1,1,0.2980989255420966,-0.023731884057970887
7www9,test,9,11,16,1,0,0,0.0,0.10516304347826089
7www9,test,2,12,17,0,1,0,0.0680745849027593,-0.12481884057971016
7www9,test,10,13,19,0,1,1,-0.017284495811915823,0.007427536231883969
7www9,test,11,14,20,1,0,1,0.0,0.06150362318840574
7www9,test,14,16,22,0,1,1,0.0998481401117457,-0.032971014492753636
7www9,test,11,17,23,0,1,1,-0.042792060047891045,0.028170289855072417
7www9,test,14,18,24,1,0,1,0.0,-0.028532608695652217
7www9,test,16,19,25,0,1,1,0.3727168249732431,0.01666666666666672
7www9,test,18,20,27,0,1,1,0.25980963343859353,0.0
7www9,test,3,21,28,1,0,0,0.0,0.020018115942028958
7www9,test,13,22,31,0,1,1,0.0052941176470588935,0.008514492753623149
7www9,test,17,23,32,1,0,1,0.0,0.0
7www9,test,20,27,37,0,1,1,0.0876735576433334,-0.0455615942028984
7www9,test,13,28,38,0,1,1,0.0052941176470588935,-0.020742753623188448
7www9,test,23,29,39,0,1,1,0.004705882352941115,0.00851449275362326
7xf97,train,2,3,4,1,0,0,0.0,-0.13163900709219858
7xf97,train,2,4,5,0,1,0,0.2511003139595913,-0.10327517730496455
7xf97,train,1,5,6,0,1,0,0.8278101413029226,0.0033035460992907606
7xf97,train,5,6,7,0,1,0,0.42824818457821356,-0.03999007092198581
7xf97,train,3,7,8,1,0,1,0.0,0.22334468085106382
7xf97,train,6,8,10,0,1,0,-0.08807810735139476,0.07555177304964536
7xf97,train,7,10,12,1,0,1,0.0,0.19940212765957444
7xf97,train,10,11,13,0,1,1,-0.1054278698319937,-0.046639716312056656
7xf97,train,4,12,16,1,0,0,0.0,0.10164468085106382
7xf97,train,11,14,18,0,1,1,0.06564998272940437,0.0010680851063828989
7xf97,train,10,15,19,0,1,1,0.1507119176584848,-0.046639716312056656
7xf97,train,11,16,20,1,0,1,0.0,0.012800709219858208
7xf97,train,7,17,21,0,1,1,0.08587204248732871,0.06831134751773049
7xf97,train,14,19,23,0,1,1,-0.00985036335877365,-0.014388652482269504
7xf97,train,17,20,24,1,0,1,0.0,0.0402819148936171
7xf97,train,19,21,25,0,1,1,0.19187724457860145,-0.04278794326241131
7xf97,train,3,22,26,0,1,1,-0.15433893362869822,0.14665390070921983
7xf97,train,19,23,27,0,1,1,0.2860767284000163,0.08716382978723403
7xf97,train,23,24,28,1,0,1,0.0,-0.10440709219858157
7xf97,train,15,25,29,0,1,1,-0.11807130288498313,-0.18272836879432625
7xf97,train,15,26,30,0,1,1,-0.28808690520827085,0.01112765957446804
7xf97,train,21,28,32,1,0,1,0.0,0.05889929078014189
7xf97,train,25,29,33,0,1,1,0.0857325931900561,0.15522588652482266
7xf97,test,2,3,4,1,0,0,0.0,-0.13163900709219858
7xf97,test,2,4,5,0,1,0,0.2508516442428319,-0.10327517730496455
7xf97,test,1,5,6,0,1,0,0.7819039006909245,0.0033035460992907606
7xf97,test,5,6,7,0,1,0,0.4441954607181269,-0.03999007092198581
7xf97,test,3,7,8,1,0,1,0.0,0.22334468085106382
7xf97,test,6,8,10,0,1,0,-0.08913490507789135,0.07555177304964536
7xf97,test,7,10,12,1,0,1,0.0,0.19940212765957444
7xf97,test,10,11,13,0,1,1,-0.12168754956865602,-0.046639716312056656
7xf97,test,4,12,16,1,0,0,0.0,0.10164468085106382
7xf97,test,11,14,18,0,1,1,0.05914780706064815,0.0010680851063828989
7xf97,test,10,15,19,0,1,1,0.15287852310221894,-0.046639716312056656
7xf97,test,11,16,20,1,0,1,0.0,0.012800709219858208
7xf97,test,7,17,21,0,1,1,0.0449605140400644,0.06831134751773049
7xf97,test,14,19,23,0,1,1,-0.007192457632930749,-0.014388652482269504
7xf97,test,17,20,24,1,0,1,0.0,0.0402819148936171
7xf97,test,19,21,25,0,1,1,0.20956296856081158,-0.04278794326241131
7xf97,test,3,22,26,0,1,1,-0.17055414921389755,0.14665390070921983
7xf97,test,19,23,27,0,1,1,0.2778266622181804,0.08716382978723403
7xf97,test,23,24,28,1,0,1,0.0,-0.10440709219858157
7xf97,test,15,25,29,0,1,1,-0.1633359729948829,-0.18272836879432625
7xf97,test,15,26,30,0,1,1,-0.30213717319312217,0.01112765957446804
7xf97,test,21,28,32,1,0,1,0.0,0.05889929078014189
7xf97,test,25,29,33,0,1,1,0.12862845866688288,0.15522588652482266
SET,train,1,2,4,1,0,0,0.0,0.2194482917820868
SET,train,1,3,5,0,1,0,0.0014187587900842402,-0.029991689750692524
SET,train,1,4,6,0,1,0,0.38496719467516494,-0.02000369344413666
SET,train,4,5,7,0,1,0,-1.3931169511720627,0.0583264081255771
SET,train,2,6,8,1,0,1,0.0,-0.019712142197599314
SET,train,6,10,17,0,1,1,-1.2325688812901543,-0.06085341643582637
SET,train,2,11,18,0,1,1,0.07109283487530726,-0.09719529085872577
SET,train,10,12,19,0,1,1,1.4350842423242471,0.12334995383194824
SET,train,10,15,22,0,1,1,1.3310440775258692,0.02641851338873502
SET,train,11,16,23,0,1,1,-0.270893684430058,0.05774330563250227
SET,train,15,17,27,0,1,1,-1.663762695116315,0.020809095106186504
SET,train,2,18,28,1,0,1,0.0,-0.030542474607571535
SET,train,15,19,29,0,1,1,0.4161321320219442,0.0674720683287165
SET,train,16,20,32,1,0,1,0.0,0.04557063711911358
SET,train,14,21,33,0,1,1,0.10629632161680114,0.02083679593721144
SET,train,21,22,35,0,1,1,-0.1920820028557939,0.03527262234533707
SET,train,21,23,37,0,1,1,-0.39736304711399173,-0.029172437673130214
SET,train,15,24,43,0,1,1,0.4937714425979305,0.018045937211449647
SET,train,17,25,44,1,0,1,0.0,0.04444598337950134
SET,train,17,26,45,0,1,1,-0.09873195965498982,-0.08942890120036934
SET,train,22,27,49,0,1,1,0.1289822922172683,-0.0316717451523546
SET,train,14,28,50,0,1,1,-0.4463812577229538,0.047764542936288124
SET,train,26,29,51,0,1,1,0.13120374271130764,0.14164589104339792
SET,test,1,2,4,1,0,0,0.0,0.2194482917820868
SET,test,1,3,5,0,1,0,0.015362322305212395,-0.029991689750692524
SET,test,1,4,6,0,1,0,0.3857717594315586,-0.02000369344413666
SET,test,4,5,7,0,1,0,-1.2962432792066187,0.0583264081255771
SET,test,2,6,8,1,0,1,0.0,-0.019712142197599314
SET,test,6,10,17,0,1,1,-1.198699505167779,-0.06085341643582637
SET,test,2,11,18,0,1,1,0.07143640834811293,-0.09719529085872577
SET,test,10,12,19,0,1,1,1.394180948962324,0.12334995383194824
SET,test,10,15,22,0,1,1,1.290571975971339,0.02641851338873502
SET,test,11,16,23,0,1,1,-0.2551119582411552,0.05774330563250227
SET,test,15,17,27,0,1,1,-1.580886986055587,0.020809095106186504
SET,test,2,18,28,1,0,1,0.0,-0.030542474607571535
SET,test,15,19,29,0,1,1,0.3934989490872671,0.0674720683287165
SET,test,16,20,32,1,0,1,0.0,0.04557063711911358
SET,test,14,21,33,0,1,1,0.11783347749033712,0.02083679593721144
SET,test,21,22,35,0,1,1,-0.300664933982576,0.03527262234533707
SET,test,21,23,37,0,1,1,-0.39286640472399403,-0.029172437673130214
SET,test,15,24,43,0,1,1,0.4733486335537105,0.018045937211449647
SET,test,17,25,44,1,0,1,0.0,0.04444598337950134
SET,test,17,26,45,0,1,1,-0.07112263879159808,-0.08942890120036934
SET,test,22,27,49,0,1,1,0.20276490015921,-0.0316717451523546
SET,test,14,28,50,0,1,1,-0.42658623066034407,0.047764542936288124
SET,test,26,29,51,0,1,1,0.11501232917513493,0.14164589104339792
bt3gb,train,3,4,4,1,0,0,0.0,0.4347358156028369
bt3gb,train,3,5,6,0,1,0,-0.14934979765660805,0.09999999999999998
bt3gb,train,4,6,8,1,0,1,0.0,0.047729078014184356
bt3gb,train,6,8,14,0,1,1,0.18468501057631392,0.019492907801418435
bt3gb,train,6,9,15,0,1,1,-0.17877482415360035,-0.10412943262411345
bt3gb,train,4,10,17,0,1,1,-0.14934979765660805,0.08220141843971629
bt3gb,train,8,12,22,0,1,1,0.08470254359856955,0.12301028368794331
bt3gb,train,8,13,23,0,1,1,0.11623634842610753,0.09856205673758867
bt3gb,train,8,14,24,1,0,1,0.0,0.047757446808510684
bt3gb,train,13,15,25,0,1,1,0.03641117963655072,-0.06024503546099291
bt3gb,train,13,16,26,0,1,1,-0.22277833754997767,-0.17414929078014185
bt3gb,train,14,17,27,0,1,1,-0.04094854338837184,-0.014189007092198613
bt3gb,train,10,18,28,1,0,1,0.0,-0.05860035460992907
bt3gb,train,17,19,29,0,1,1,-0.4177729082658458,-0.40048439716312056
bt3gb,train,17,20,30,0,1,1,0.10097097642393549,0.026676595744680842
bt3gb,train,14,21,31,0,1,1,0.10202283068690199,0.048042198581560336
bt3gb,train,17,22,32,1,0,1,0.0,-0.031119148936170182
bt3gb,train,14,23,34,0,1,1,-0.3533506235415713,-0.07474007092198587
bt3gb,train,20,24,35,0,1,1,-0.2541424311365925,-0.03445106382978724
bt3gb,train,21,25,36,1,0,1,0.0,-0.022226950354609976
bt3gb,train,15,26,37,0,1,1,-0.17784389080246643,-0.06139113475177305
bt3gb,train,22,27,42,0,1,1,0.14766615691489737,-0.012487588652482229
bt3gb,train,27,28,43,0,1,1,-0.49265549255713315,-0.17720354609929084
bt3gb,train,25,29,44,1,0,1,0.0,-0.016068794326241198
bt3gb,test,3,4,4,1,0,0,0.0,0.4347358156028369
bt3gb,test,3,5,6,0,1,0,-0.1698400467388177,0.09999999999999998
bt3gb,test,4,6,8,1,0,1,0.0,0.047729078014184356
bt3gb,test,6,8,14,0,1,1,0.20392443872731758,0.019492907801418435
bt3gb,test,6,9,15,0,1,1,-0.18690381584450666,-0.10412943262411345
bt3gb,test,4,10,17,0,1,1,-0.1698400467388177,0.08220141843971629
bt3gb,test,8,12,22,0,1,1,0.08019826706991329,0.12301028368794331
bt3gb,test,8,13,23,0,1,1,0.1163570621394383,0.09856205673758867
bt3gb,test,8,14,24,1,0,1,0.0,0.047757446808510684
bt3gb,test,13,15,25,0,1,1,0.02645383521526834,-0.06024503546099291
bt3gb,test,13,16,26,0,1,1,-0.2493754556813712,-0.17414929078014185
bt3gb,test,14,17,27,0,1,1,-0.07520180370327867,-0.014189007092198613
bt3gb,test,10,18,28,1,0,1,0.0,-0.05860035460992907
bt3gb,test,17,19,29,0,1,1,-0.4122440491283982,-0.40048439716312056
bt3gb,test,17,20,30,0,1,1,0.10563408540607999,0.026676595744680842
bt3gb,test,14,21,31,0,1,1,0.10899851554245088,0.048042198581560336
bt3gb,test,17,22,32,1,0,1,0.0,-0.031119148936170182
bt3gb,test,14,23,34,0,1,1,-0.38913828472177503,-0.07474007092198587
bt3gb,test,20,24,35,0,1,1,-0.25408763178049987,-0.03445106382978724
bt3gb,test,21,25,36,1,0,1,0.0,-0.022226950354609976
bt3gb,test,15,26,37,0,1,1,-0.18177024661280994,-0.06139113475177305
bt3gb,test,22,27,42,0,1,1,0.15216073276633657,-0.012487588652482229
bt3gb,test,27,28,43,0,1,1,-0.47622625618102077,-0.17720354609929084
bt3gb,test,25,29,44,1,0,1,0.0,-0.016068794326241198
colour_lines,train,1,3,6,0,1,0,0.0,-0.013318681318681316
colour_lines,train,3,4,7,0,1,0,0.23081996531595506,-0.006641025641025644
colour_lines,train,1,9,16,1,0,0,0.0,0.29687179487179494
colour_lines,train,1,10,17,0,1,0,0.06322452677753532,0.0033846153846153887
colour_lines,train,9,12,19,0,1,1,0.013872046969046758,0.0999450549450549
colour_lines,train,9,13,20,1,0,1,0.0,-0.07273443223443232
colour_lines,train,3,14,21,0,1,0,-0.015957911629510546,0.006677655677655672
colour_lines,train,13,15,22,0,1,1,0.049038773317003015,0.042730769230769294
colour_lines,train,12,16,23,0,1,1,0.0364579580475064,-0.10826923076923078
colour_lines,train,13,17,24,1,0,1,0.0,-0.04058424908424907
colour_lines,train,10,18,26,0,1,0,0.12458647279442081,-0.023380952380952384
colour_lines,train,12,19,27,0,1,1,-0.6889959124558027,-0.1891053113553114
colour_lines,train,15,20,31,0,1,1,0.34267667469386853,-0.04323076923076924
colour_lines,train,17,21,32,1,0,1,0.0,0.03418406593406592
colour_lines,train,19,22,33,0,1,1,0.3688585607647974,0.022603479853479935
colour_lines,train,20,23,34,0,1,1,0.013472353804813153,0.06415109890109888
colour_lines,train,22,24,35,0,1,1,0.04376105716991374,0.09985347985347981
colour_lines,train,21,25,36,1,0,1,0.0,-0.03492490842490836
colour_lines,train,25,26,37,0,1,1,0.0,0.05821428571428572
colour_lines,train,25,27,38,0,1,1,-0.012674907204928143,0.01383699633699631
colour_lines,train,16,28,39,0,1,1,0.0,0.011598901098901104
colour_lines,train,24,29,40,1,0,1,0.0,-0.05010989010989009
colour_lines,test,1,3,6,0,1,0,0.0,-0.013318681318681316
colour_lines,test,3,4,7,0,1,0,0.21169454009287292,-0.006641025641025644
colour_lines,test,1,9,16,1,0,0,0.0,0.29687179487179494
colour_lines,test,1,10,17,0,1,0,0.06994983319368653,0.0033846153846153887
colour_lines,test,9,12,19,0,1,1,0.016064731120801756,0.0999450549450549
colour_lines,test,9,13,20,1,0,1,0.0,-0.07273443223443232
colour_lines,test,3,14,21,0,1,0,-0.016161506047431606,0.006677655677655672
colour_lines,test,13,15,22,0,1,1,0.054224717387819865,0.042730769230769294
colour_lines,test,12,16,23,0,1,1,0.042469869084037715,-0.10826923076923078
colour_lines,test,13,17,24,1,0,1,0.0,-0.04058424908424907
colour_lines,test,10,18,26,0,1,0,0.11655346376070375,-0.023380952380952384
colour_lines,test,12,19,27,0,1,1,-0.68311473187438,-0.1891053113553114
colour_lines,test,15,20,31,0,1,1,0.3603353654746202,-0.04323076923076924
colour_lines,test,17,21,32,1,0,1,0.0,0.03418406593406592
colour_lines,test,19,22,33,0,1,1,0.34879820492158037,0.022603479853479935
colour_lines,test,20,23,34,0,1,1,0.01207789526764902,0.06415109890109888
colour_lines,test,22,24,35,0,1,1,0.04794209484039025,0.09985347985347981
colour_lines,test,21,25,36,1,0,1,0.0,-0.03492490842490836
colour_lines,test,25,26,37,0,1,1,0.0,0.05821428571428572
colour_lines,test,25,27,38,0,1,1,-0.008729241911980212,0.01383699633699631
colour_lines,test,16,28,39,0,1,1,0.0,0.011598901098901104
colour_lines,test,24,29,40,1,0,1,0.0,-0.05010989010989009
diffusion,train,2,3,4,1,0,0,0.0,0.03324420677361853
diffusion,train,2,4,5,0,1,0,0.05878598661583556,-4.456327985738473e-05
diffusion,train,1,5,6,0,1,0,0.0,-0.0866622103386809
diffusion,train,5,6,7,0,1,0,0.0,0.06664438502673795
diffusion,train,3,7,8,1,0,1,0.0,0.13344474153297683
diffusion,train,6,9,10,0,1,0,0.0,0.0
diffusion,train,4,10,13,0,1,0,0.09676117596462364,0.01668894830659534
diffusion,train,2,11,14,0,1,0,0.23089493465669442,-0.01336007130124775
diffusion,train,7,12,15,0,1,1,1.1826021692678867,-0.024545454545454592
diffusion,train,12,13,16,1,0,1,0.0,-0.008832442067736146
diffusion,train,9,14,17,0,1,0,0.0,0.016599821746880572
diffusion,train,14,15,24,1,0,0,0.0,0.08353386809269164
diffusion,train,15,16,25,0,1,1,0.0,-0.016711229946524075
diffusion,train,10,17,27,0,1,0,-0.13777074650603405,-0.08340017825311943
diffusion,train,13,18,28,1,0,1,0.0,0.12492201426024951
diffusion,train,9,19,29,0,1,0,-0.014372845760681763,0.003328877005347619
diffusion,train,12,20,30,0,1,1,-1.2200162317111631,0.10785650623885923
diffusion,train,20,21,31,0,1,1,0.0,0.01655525846702316
diffusion,train,13,22,32,1,0,1,0.0,0.10000000000000003
diffusion,train,7,23,33,0,1,1,0.0,0.06999554367201427
diffusion,train,22,24,34,0,1,1,-1.370888724415616,0.050044563279857346
diffusion,train,23,25,35,0,1,1,-0.23675843639305305,-0.003373440285204976
diffusion,train,18,26,36,1,0,1,0.0,-0.12496657754010693
diffusion,train,11,27,37,0,1,0,-0.06486364103623887,-0.0032843137254902066
diffusion,train,24,28,38,0,1,1,0.21726718733507377,0.053328877005347664
diffusion,train,24,29,39,0,1,1,0.19087028011280016,-0.013293226381461687
diffusion,test,2,3,4,1,0,0,0.0,0.03324420677361853
diffusion,test,2,4,5,0,1,0,0.05129051128372897,-4.456327985738473e-05
diffusion,test,1,5,6,0,1,0,0.0,-0.0866622103386809
diffusion,test,5,6,7,0,1,0,0.0,0.06664438502673795
diffusion,test,3,7,8,1,0,1,0.0,0.13344474153297683
diffusion,test,6,9,10,0,1,0,0.0,0.0
diffusion,test,4,10,13,0,1,0,0.08447001274178723,0.01668894830659534
diffusion,test,2,11,14,0,1,0,0.19927707092851832,-0.01336007130124775
diffusion,test,7,12,15,0,1,1,1.0158208185451352,-0.024545454545454592
diffusion,test,12,13,16,1,0,1,0.0,-0.008832442067736146
diffusion,test,9,14,17,0,1,0,0.0,0.016599821746880572
diffusion,test,14,15,24,1,0,0,0.0,0.08353386809269164
diffusion,test,15,16,25,0,1,1,0.0,-0.016711229946524075
diffusion,test,10,17,27,0,1,0,-0.12085328701958908,-0.08340017825311943
diffusion,test,13,18,28,1,0,1,0.0,0.12492201426024951
diffusion,test,9,19,29,0,1,0,-0.012658802821823967,0.003328877005347619
diffusion,test,12,20,30,0,1,1,-1.054518320624974,0.10785650623885923
diffusion,test,20,21,31,0,1,1,0.0,0.01655525846702316
diffusion,test,13,22,32,1,0,1,0.0,0.10000000000000003
diffusion,test,7,23,33,0,1,1,0.0,0.06999554367201427
diffusion,test,22,24,34,0,1,1,-1.1956537420494595,0.050044563279857346
diffusion,test,23,25,35,0,1,1,-0.22209921033431124,-0.003373440285204976
diffusion,test,18,26,36,1,0,1,0.0,-0.12496657754010693
diffusion,test,11,27,37,0,1,0,-0.07232925003055701,-0.0032843137254902066
diffusion,test,24,28,38,0,1,1,0.19303271783118703,0.053328877005347664
diffusion,test,24,29,39,0,1,1,0.1705991481868845,-0.013293226381461687
dino,train,3,4,4,1,0,0,0.0,0.5236842105263158
dino,train,3,5,5,0,1,0,0.4128644627428102,-0.20789473684210524
dino,train,3,6,6,0,1,0,0.11145470679870817,-0.11666666666666667
dino,train,4,7,7,0,1,1,-0.27985111491214565,-0.6929824561403509
dino,train,4,8,9,0,1,1,0.11979898119812615,0.033333333333333326
dino,train,8,9,10,0,1,1,-0.1222561596702385,-0.7763157894736842
dino,train,8,10,11,0,1,1,0.5188283166054077,0.0
dino,train,8,11,12,1,0,1,0.0,-0.1473684210526316
dino,train,10,12,13,0,1,1,-0.32933474487353953,-0.016666666666666607
dino,train,8,14,17,0,1,1,-0.11975651006987453,-0.032456140350877294
dino,train,12,15,18,0,1,1,-0.2136997512765315,-0.6324561403508773
dino,train,12,16,19,0,1,1,0.0,0.050877192982456076
dino,train,14,17,24,1,0,1,0.0,0.023684210526315863
dino,train,17,18,25,0,1,1,0.05348117088158688,0.05175438596491222
dino,train,12,19,30,0,1,1,0.11866288066932595,0.0017543859649121751
dino,train,19,20,32,1,0,1,0.0,0.0491228070175439
dino,train,10,21,33,0,1,1,0.0,0.007894736842105288
dino,train,20,22,35,0,1,1,0.0,0.0
dino,train,21,23,36,1,0,1,0.0,-0.07456140350877194
dino,train,22,24,37,0,1,1,-0.3694883767953214,-0.4991228070175439
dino,train,20,25,38,0,1,1,0.009627812722897477,-0.01666666666666672
dino,train,22,26,39,0,1,1,0.0,-0.023684210526315752
dino,train,26,27,42,0,1,1,0.4631761561762633,-0.00877192982456143
dino,train,17,28,43,0,1,1,0.37139724617180847,0.0008771929824562541
dino,train,25,29,44,1,0,1,0.0,-0.01754385964912275
dino,test,3,4,4,1,0,0,0.0,0.5236842105263158
dino,test,3,5,5,0,1,0,0.4152138254432428,-0.20789473684210524
dino,test,3,6,6,0,1,0,0.11160189815364496,-0.11666666666666667
dino,test,4,7,7,0,1,1,-0.27717735410967126,-0.6929824561403509
dino,test,4,8,9,0,1,1,0.11909887128408181,0.033333333333333326
dino,test,8,9,10,0,1,1,-0.12600107894581758,-0.7763157894736842
dino,test,8,10,11,0,1,1,0.5386969704679576,0.0
dino,test,8,11,12,1,0,1,0.0,-0.1473684210526316
dino,test,10,12,13,0,1,1,-0.3485783330769834,-0.016666666666666607
dino,test,8,14,17,0,1,1,-0.11819450693928069,-0.032456140350877294
dino,test,12,15,18,0,1,1,-0.21419737316690668,-0.6324561403508773
dino,test,12,16,19,0,1,1,0.0,0.050877192982456076
dino,test,14,17,24,1,0,1,0.0,0.023684210526315863
dino,test,17,18,25,0,1,1,0.054947150416944424,0.05175438596491222
dino,test,12,19,30,0,1,1,0.12779995208825623,0.0017543859649121751
dino,test,19,20,32,1,0,1,0.0,0.0491228070175439
dino,test,10,21,33,0,1,1,0.0,0.007894736842105288
dino,test,20,22,35,0,1,1,0.0,0.0
dino,test,21,23,36,1,0,1,0.0,-0.07456140350877194
dino,test,22,24,37,0,1,1,-0.3734507332944682,-0.4991228070175439
dino,test,20,25,38,0,1,1,0.009723849501940496,-0.01666666666666672
dino,test,22,26,39,0,1,1,0.0,-0.023684210526315752
dino,test,26,27,42,0,1,1,0.4580519863033865,-0.00877192982456143
dino,test,17,28,43,0,1,1,0.36683288861074814,0.0008771929824562541
dino,test,25,29,44,1,0,1,0.0,-0.01754385964912275
dq8gc,train,1,3,6,0,1,0,0.2358808355699843,-0.06332765957446806
dq8gc,train,2,4,8,1,0,0,0.0,0.008379432624113337
dq8gc,train,3,5,10,0,1,0,0.11553092227912831,-0.013911347517730488
dq8gc,train,4,7,12,1,0,1,0.0,-0.033909929078014156
dq8gc,train,1,8,13,0,1,0,0.29862046620863403,-0.084159219858156
dq8gc,train,7,9,14,0,1,1,0.16500586685763485,0.013875886524822745
dq8gc,train,8,10,16,1,0,0,0.0,0.2410865248226951
dq8gc,train,10,13,20,1,0,1,0.0,-0.07777304964539011
dq8gc,train,1,14,21,0,1,0,0.42145060049539795,0.011647517730496437
dq8gc,train,10,15,22,0,1,1,0.11553092227912831,-0.04859042553191506
dq8gc,train,14,16,24,1,0,0,0.0,0.06113475177304972
dq8gc,train,15,17,25,0,1,1,0.0027349386689983213,0.04388439716312065
dq8gc,train,5,18,27,0,1,0,0.07964884114314319,0.061085106382978704
dq8gc,train,18,19,28,1,0,0,0.0,-0.21718652482269502
dq8gc,train,17,20,29,0,1,1,0.011553092227912787,-0.09358546099290777
dq8gc,train,17,21,30,0,1,1,0.0,-0.09362092198581562
dq8gc,train,7,22,31,0,1,1,0.1714594436098943,0.03888652482269506
dq8gc,train,21,23,32,1,0,1,0.0,0.031403900709219834
dq8gc,train,22,24,34,0,1,1,-0.006453576752259438,-0.1424960992907801
dq8gc,train,21,25,35,0,1,1,-0.027877200971583305,0.02055390070921992
dq8gc,train,19,26,36,1,0,1,0.0,-0.1383099290780142
dq8gc,train,16,27,37,0,1,1,0.1706820150685755,0.0011319148936169698
dq8gc,train,16,29,40,1,0,1,0.0,0.10137411347517722
dq8gc,test,1,3,6,0,1,0,0.24941326407343412,-0.06332765957446806
dq8gc,test,2,4,8,1,0,0,0.0,0.008379432624113337
dq8gc,test,3,5,10,0,1,0,0.12019735891981098,-0.013911347517730488
dq8gc,test,4,7,12,1,0,1,0.0,-0.033909929078014156
dq8gc,test,1,8,13,0,1,0,0.3317077179829939,-0.084159219858156
dq8gc,test,7,9,14,0,1,1,0.170667848435616,0.013875886524822745
dq8gc,test,8,10,16,1,0,0,0.0,0.2410865248226951
dq8gc,test,10,13,20,1,0,1,0.0,-0.07777304964539011
dq8gc,test,1,14,21,0,1,0,0.44045031945748814,0.011647517730496437
dq8gc,test,10,15,22,0,1,1,0.12019735891981098,-0.04859042553191506
dq8gc,test,14,16,24,1,0,0,0.0,0.06113475177304972
dq8gc,test,15,17,25,0,1,1,0.018426264838616646,0.04388439716312065
dq8gc,test,5,18,27,0,1,0,0.0830430269907032,0.061085106382978704
dq8gc,test,18,19,28,1,0,0,0.0,-0.21718652482269502
dq8gc,test,17,20,29,0,1,1,0.01201973589198091,-0.09358546099290777
dq8gc,test,17,21,30,0,1,1,0.0,-0.09362092198581562
dq8gc,test,7,22,31,0,1,1,0.1797188327888103,0.03888652482269506
dq8gc,test,21,23,32,1,0,1,0.0,0.031403900709219834
dq8gc,test,22,24,34,0,1,1,-0.009050984353194291,-0.1424960992907801
dq8gc,test,21,25,35,0,1,1,-0.06281473259587655,0.02055390070921992
dq8gc,test,19,26,36,1,0,1,0.0,-0.1383099290780142
dq8gc,test,16,27,37,0,1,1,0.1791439991101096,0.0011319148936169698
dq8gc,test,16,29,40,1,0,1,0.0,0.10137411347517722
eahcw,train,2,5,8,1,0,0,0.0,0.16910886524822688
eahcw,train,3,6,9,0,1,0,0.22207758696968327,-0.28416631205673754
eahcw,train,5,8,14,0,1,1,-0.3235960208007844,-0.49464645390070916
eahcw,train,5,9,15,0,1,1,0.20273681212230155,-0.017492553191489235
eahcw,train,3,10,16,1,0,0,0.0,0.18830992907801414
eahcw,train,9,11,17,0,1,1,0.047507305491795604,-0.020005673758865195
eahcw,train,9,14,20,1,0,1,0.0,0.057774468085106334
eahcw,train,6,17,24,1,0,0,0.0,0.2655560283687944
eahcw,train,10,18,26,0,1,1,0.0,-0.018610283687943263
eahcw,train,2,19,27,0,1,0,0.1372917143650073,0.08190957446808511
eahcw,train,19,20,29,0,1,0,0.0,-0.015249999999999986
eahcw,train,18,21,30,0,1,1,0.2685328731061315,0.013334751773049658
eahcw,train,20,22,31,0,1,0,0.0,-0.056663829787234055
eahcw,train,18,23,32,1,0,1,0.0,0.009447517730496457
eahcw,train,21,24,33,0,1,1,0.0,-0.026398936170212717
eahcw,train,22,25,34,0,1,0,0.12207031039098326,-0.020005673758865306
eahcw,train,14,26,35,0,1,1,0.03783334275860173,-0.02859184397163117
eahcw,train,24,27,36,1,0,1,0.0,0.06250177304964533
eahcw,train,26,28,37,0,1,1,0.03610356597257591,0.03554751773049636
eahcw,train,23,29,38,0,1,1,0.0,-0.006678014184397063
eahcw,test,2,5,8,1,0,0,0.0,0.16910886524822688
eahcw,test,3,6,9,0,1,0,0.3862659206581318,-0.28416631205673754
eahcw,test,5,8,14,0,1,1,-0.20760538800056105,-0.49464645390070916
eahcw,test,5,9,15,0,1,1,0.23133335058442128,-0.017492553191489235
eahcw,test,3,10,16,1,0,0,0.0,0.18830992907801414
eahcw,test,9,11,17,0,1,1,0.049701531888156625,-0.020005673758865195
eahcw,test,9,14,20,1,0,1,0.0,0.057774468085106334
eahcw,test,6,17,24,1,0,0,0.0,0.2655560283687944
eahcw,test,10,18,26,0,1,1,0.0,-0.018610283687943263
eahcw,test,2,19,27,0,1,0,0.15609039343016473,0.08190957446808511
eahcw,test,19,20,29,0,1,0,0.0,-0.015249999999999986
eahcw,test,18,21,30,0,1,1,0.30616375901929893,0.013334751773049658
eahcw,test,20,22,31,0,1,0,0.0,-0.056663829787234055
eahcw,test,18,23,32,1,0,1,0.0,0.009447517730496457
eahcw,test,21,24,33,0,1,1,0.0,-0.026398936170212717
eahcw,test,22,25,34,0,1,0,0.1381845836565172,-0.020005673758865306
eahcw,test,14,26,35,0,1,1,0.039875295709197456,-0.02859184397163117
eahcw,test,24,27,36,1,0,1,0.0,0.06250177304964533
eahcw,test,26,28,37,0,1,1,0.03787361879145523,0.03554751773049636
eahcw,test,23,29,38,0,1,1,0.0,-0.006678014184397063
egg,train,2,3,4,1,0,0,0.0,0.07083865248226962
egg,train,3,5,7,0,1,1,0.06982587781526495,0.08250744680851063
egg,train,5,8,13,0,1,1,0.5116820438219565,0.07834255319148942
egg,train,5,9,14,0,1,1,0.152206057228101,-0.01665957446808508
egg,train,9,10,19,0,1,1,0.25249202442924346,-0.01584078014184409
egg,train,9,11,20,1,0,1,0.0,-0.08663687943262421
egg,train,10,13,23,0,1,1,0.08078542712656267,0.04999290780141852
egg,train,10,14,24,1,0,1,0.0,0.08335460992907806
egg,train,10,16,27,0,1,1,0.1615712430778915,-0.03748404255319138
egg,train,13,17,28,1,0,1,0.0,-0.012466312056737539
egg,train,13,18,29,0,1,1,0.0729720306414654,-0.07082446808510645
egg,train,8,19,30,0,1,1,-0.41868825418199096,-0.16501489361702137
egg,train,14,20,31,0,1,1,-0.3335313590975224,0.0157982269503546
egg,train,17,21,32,1,0,1,0.0,-0.06665957446808513
egg,train,13,22,33,0,1,1,-1.0528793083597259,-0.6298737588652483
egg,train,19,23,34,0,1,1,-0.27275097321066766,-0.14997872340425533
egg,train,14,24,35,0,1,1,0.2736660393312116,-0.027516666666666634
egg,train,20,25,36,1,0,1,0.0,-0.053331914893616994
egg,train,18,26,37,0,1,1,0.0,0.0408514184397164
egg,train,14,27,39,0,1,1,0.07298772964007627,0.019144326241134824
egg,train,25,28,40,1,0,1,0.0,0.01668085106382977
egg,test,2,3,4,1,0,0,0.0,0.07083865248226962
egg,test,3,5,7,0,1,1,0.06851144786894792,0.08250744680851063
egg,test,5,8,13,0,1,1,0.5081677660188606,0.07834255319148942
egg,test,5,9,14,0,1,1,0.15502182209853377,-0.01665957446808508
egg,test,9,10,19,0,1,1,0.24730577938336307,-0.01584078014184409
egg,test,9,11,20,1,0,1,0.0,-0.08663687943262421
egg,test,10,13,23,0,1,1,0.08114837654835383,0.04999290780141852
egg,test,10,14,24,1,0,1,0.0,0.08335460992907806
egg,test,10,16,27,0,1,1,0.16064123682999254,-0.03748404255319138
egg,test,13,17,28,1,0,1,0.0,-0.012466312056737539
egg,test,13,18,29,0,1,1,0.07218305122271484,-0.07082446808510645
egg,test,8,19,30,0,1,1,-0.41414562089752294,-0.16501489361702137
egg,test,14,20,31,0,1,1,-0.3307869739574405,0.0157982269503546
egg,test,17,21,32,1,0,1,0.0,-0.06665957446808513
egg,test,13,22,33,0,1,1,-1.0446114439748517,-0.6298737588652483
egg,test,19,23,34,0,1,1,-0.27021834388250654,-0.14997872340425533
egg,test,14,24,35,0,1,1,0.27232665041501436,-0.027516666666666634
egg,test,20,25,36,1,0,1,0.0,-0.053331914893616994
egg,test,18,26,37,0,1,1,0.0,0.0408514184397164
egg,test,14,27,39,0,1,1,0.07267113989309015,0.019144326241134824
egg,test,25,28,40,1,0,1,0.0,0.01668085106382977
f5w3n,train,1,2,4,1,0,0,0.0,0.35855855855855856
f5w3n,train,2,5,8,1,0,1,0.0,0.07612612612612613
f5w3n,train,5,6,10,0,1,1,-0.014482151514758068,-0.001351351351351393
f5w3n,train,4,7,11,0,1,0,-0.10331013643125697,0.013063063063063068
f5w3n,train,2,8,12,1,0,1,0.0,0.07837837837837835
f5w3n,train,5,9,16,1,0,1,0.0,-0.05540540540540545
f5w3n,train,8,10,18,0,1,1,0.3492091794933265,0.014414414414414434
f5w3n,train,6,11,19,0,1,1,0.08682096864526223,0.026126126126126137
f5w3n,train,10,12,20,1,0,1,0.0,0.05990990990990985
f5w3n,train,9,13,21,0,1,1,0.02284642073919163,0.04459459459459464
f5w3n,train,11,14,23,0,1,1,0.05681102834531071,0.07252252252252261
f5w3n,train,13,15,24,1,0,1,0.0,0.02522522522522519
f5w3n,train,12,16,25,0,1,1,0.01185469783039883,0.024324324324324298
f5w3n,train,10,17,26,0,1,1,-0.2118148517991052,0.047747747747747704
f5w3n,train,10,18,28,1,0,1,0.0,-0.2436936936936937
f5w3n,train,15,20,30,0,1,1,-0.2566720821792766,0.09774774774774769
f5w3n,train,17,21,34,0,1,1,1.5478486623249144,-0.19909909909909912
f5w3n,train,14,22,35,0,1,1,0.0,-0.036936936936937004
f5w3n,train,13,23,36,1,0,1,0.0,0.05540540540540534
f5w3n,train,15,24,37,0,1,1,0.05452782051474636,-0.018018018018018
f5w3n,train,6,26,40,1,0,1,0.0,-0.0022522522522522292
f5w3n,train,22,28,43,0,1,1,0.060888290142193435,-0.10000000000000003
f5w3n,train,26,29,44,1,0,1,0.0,0.05135135135135138
f5w3n,test,1,2,4,1,0,0,0.0,0.35855855855855856
f5w3n,test,2,5,8,1,0,1,0.0,0.07612612612612613
f5w3n,test,5,6,10,0,1,1,-0.025188845260695647,-0.001351351351351393
f5w3n,test,4,7,11,0,1,0,-0.10824663260209155,0.013063063063063068
f5w3n,test,2,8,12,1,0,1,0.0,0.07837837837837835
f5w3n,test,5,9,16,1,0,1,0.0,-0.05540540540540545
f5w3n,test,8,10,18,0,1,1,0.3365321100954408,0.014414414414414434
f5w3n,test,6,11,19,0,1,1,0.08361418524408282,0.026126126126126137
f5w3n,test,10,12,20,1,0,1,0.0,0.05990990990990985
f5w3n,test,9,13,21,0,1,1,0.013961394845774189,0.04459459459459464
f5w3n,test,11,14,23,0,1,1,0.05506367897827369,0.07252252252252261
f5w3n,test,13,15,24,1,0,1,0.0,0.02522522522522519
f5w3n,test,12,16,25,0,1,1,0.012831299237885396,0.024324324324324298
f5w3n,test,10,17,26,0,1,1,-0.21419534341136393,0.047747747747747704
f5w3n,test,10,18,28,1,0,1,0.0,-0.2436936936936937
f5w3n,test,15,20,30,0,1,1,-0.24920197600910055,0.09774774774774769
f5w3n,test,17,21,34,0,1,1,1.5030690278700995,-0.19909909909909912
f5w3n,test,14,22,35,0,1,1,0.0,-0.036936936936937004
f5w3n,test,13,23,36,1,0,1,0.0,0.05540540540540534
f5w3n,test,15,24,37,0,1,1,0.054021688541615154,-0.018018018018018
f5w3n,test,6,26,40,1,0,1,0.0,-0.0022522522522522292
f5w3n,test,22,28,43,0,1,1,0.05961052264179001,-0.10000000000000003
f5w3n,test,26,29,44,1,0,1,0.0,0.05135135135135138
logic_gates,train,2,3,4,1,0,0,0.0,0.01806491464510332
logic_gates,train,2,4,6,0,1,0,0.2614290380614772,-0.06944711847002955
logic_gates,train,4,5,7,0,1,0,-0.21996122587401024,0.0139022590168143
logic_gates,train,3,6,8,1,0,1,0.0,-3.2088307020672335e-06
logic_gates,train,3,7,9,0,1,1,-0.12320560494923027,-0.020838948787061995
logic_gates,train,7,8,10,0,1,1,-0.5191419977653857,-0.04999999999999999
logic_gates,train,2,9,11,0,1,0,-0.6322676377753766,-0.07110062893081762
logic_gates,train,4,10,12,1,0,0,0.0,-0.02000256706456166
logic_gates,train,8,11,13,0,1,1,-0.4857703541575239,-0.056093890386343215
logic_gates,train,5,12,14,0,1,0,-1.2124093700585772,-0.05055223976383007
logic_gates,train,6,13,15,0,1,1,-0.002395279762615221,-0.056952733923758214
logic_gates,train,6,14,17,0,1,1,-1.376102172522904,0.05499903735078937
logic_gates,train,12,15,18,0,1,0,0.0,0.05971714157361056
logic_gates,train,8,16,19,0,1,1,0.412371370658988,-0.05054582210242588
logic_gates,train,6,17,20,1,0,1,0.0,0.060572776280323426
logic_gates,train,4,18,21,0,1,0,-1.4132230399246724,-0.0824937427801309
logic_gates,train,14,19,22,0,1,1,0.0824425683041497,-0.04305689256834813
logic_gates,train,10,20,23,0,1,1,-1.4447071693977893,-0.10831889359517391
logic_gates,train,7,21,24,1,0,1,0.0,0.01889166987549737
logic_gates,train,17,22,25,0,1,1,-0.12527061428613995,-0.03612662045950457
logic_gates,train,1,23,27,0,1,0,0.020716551026586538,-0.006639712488769087
logic_gates,train,19,24,28,1,0,1,0.0,1.2835322808407712e-05
logic_gates,train,14,25,29,0,1,1,0.24531337410492743,-0.06249438454627135
logic_gates,train,19,26,30,0,1,1,1.3351274164062212,-0.02914500705942752
logic_gates,train,19,28,34,0,1,1,0.015798029716464435,-0.034160088563727375
logic_gates,train,22,29,35,0,1,1,0.24590938361101178,-0.011926100628930819
logic_gates,test,2,3,4,1,0,0,0.0,0.01806491464510332
logic_gates,test,2,4,6,0,1,0,0.2614290380614772,-0.06944711847002955
logic_gates,test,4,5,7,0,1,0,-0.21996122587401024,0.0139022590168143
logic_gates,test,3,6,8,1,0,1,0.0,-3.2088307020672335e-06
logic_gates,test,3,7,9,0,1,1,-0.12320560494923027,-0.020838948787061995
logic_gates,test,7,8,10,0,1,1,-0.5191419977653857,-0.04999999999999999
logic_gates,test,2,9,11,0,1,0,-0.6322676377753766,-0.07110062893081762
logic_gates,test,4,10,12,1,0,0,0.0,-0.02000256706456166
logic_gates,test,8,11,13,0,1,1,-0.4857703541575239,-0.056093890386343215
logic_gates,test,5,12,14,0,1,0,-1.2124093700585772,-0.05055223976383007
logic_gates,test,6,13,15,0,1,1,-0.002395279762615221,-0.056952733923758214
logic_gates,test,6,14,17,0,1,1,-1.376102172522904,0.05499903735078937
logic_gates,test,12,15,18,0,1,0,0.0,0.05971714157361056
logic_gates,test,8,16,19,0,1,1,0.412371370658988,-0.05054582210242588
logic_gates,test,6,17,20,1,0,1,0.0,0.060572776280323426
logic_gates,test,4,18,21,0,1,0,-1.4132230399246724,-0.0824937427801309
logic_gates,test,14,19,22,0,1,1,0.0824425683041497,-0.04305689256834813
logic_gates,test,10,20,23,0,1,1,-1.4447071693977893,-0.10831889359517391
logic_gates,test,7,21,24,1,0,1,0.0,0.01889166987549737
logic_gates,test,17,22,25,0,1,1,-0.12527061428613995,-0.03612662045950457
logic_gates,test,1,23,27,0,1,0,0.020716551026586538,-0.006639712488769087
logic_gates,test,19,24,28,1,0,1,0.0,1.2835322808407712e-05
logic_gates,test,14,25,29,0,1,1,0.24531337410492743,-0.06249438454627135
logic_gates,test,19,26,30,0,1,1,1.3351274164062212,-0.02914500705942752
logic_gates,test,19,28,34,0,1,1,0.015798029716464435,-0.034160088563727375
logic_gates,test,22,29,35,0,1,1,0.24590938361101178,-0.011926100628930819
n2ntd,train,2,3,4,1,0,0,0.0,0.4610904123199205
n2ntd,train,2,4,5,0,1,0,-0.12836413005400593,0.1333084947839046
n2ntd,train,1,5,6,0,1,0,0.05272979791927468,-2.4838549428751744e-05
n2ntd,train,3,6,7,0,1,1,-0.1848461340904619,0.05695168902136116
n2ntd,train,4,7,8,1,0,0,0.0,0.25057998012916044
n2ntd,train,5,8,9,0,1,0,0.06100728000480893,-0.06331097863884749
n2ntd,train,7,9,10,0,1,1,0.11902079972027724,0.01751179831097871
n2ntd,train,3,10,13,0,1,1,0.06266377986730398,0.020009935419771474
n2ntd,train,4,11,14,0,1,0,0.12122838098142186,0.06664182811723801
n2ntd,train,9,12,15,0,1,1,0.0,0.08526390958768004
n2ntd,train,10,13,16,1,0,1,0.0,-0.014483358171882732
n2ntd,train,6,15,18,0,1,1,-0.06536198135975724,-0.01247826626924986
n2ntd,train,15,16,20,1,0,1,0.0,0.051363015399900736
n2ntd,train,5,19,24,1,0,0,0.0,0.31724664679582715
n2ntd,train,13,20,25,0,1,1,0.346097457349253,-0.04023534525583705
n2ntd,train,19,21,26,0,1,1,0.07449522002781883,-0.013890958768007944
n2ntd,train,6,22,27,0,1,1,0.15458453621616663,-0.06940511674118233
n2ntd,train,1,23,28,1,0,0,0.0,0.04164803775459508
n2ntd,train,12,24,29,0,1,1,-0.11780200357719539,-0.011102831594634877
n2ntd,train,20,25,30,0,1,1,0.5719351997646029,-0.018936910084451086
n2ntd,train,20,26,31,0,1,1,-0.41645047006229685,-0.373025956284153
n2ntd,train,22,27,33,0,1,1,-0.47051237087083886,-0.02999006458022846
n2ntd,train,15,28,34,0,1,1,-0.38105060427407955,-0.5512636612021857
n2ntd,train,16,29,35,0,1,1,0.25171799578920884,-0.028639468455042394
n2ntd,test,2,3,4,1,0,0,0.0,0.4610904123199205
n2ntd,test,2,4,5,0,1,0,-0.11780326565042909,0.1333084947839046
n2ntd,test,1,5,6,0,1,0,0.045767429096561285,-2.4838549428751744e-05
n2ntd,test,3,6,7,0,1,1,-0.20338670315786667,0.05695168902136116
n2ntd,test,4,7,8,1,0,0,0.0,0.25057998012916044
n2ntd,test,5,8,9,0,1,0,0.06441675066767583,-0.06331097863884749
n2ntd,test,7,9,10,0,1,1,0.1104079144261676,0.01751179831097871
n2ntd,test,3,10,13,0,1,1,0.061741643238619526,0.020009935419771474
n2ntd,test,4,11,14,0,1,0,0.12374906733501123,0.06664182811723801
n2ntd,test,9,12,15,0,1,1,0.0,0.08526390958768004
n2ntd,test,10,13,16,1,0,1,0.0,-0.014483358171882732
n2ntd,test,6,15,18,0,1,1,-0.06318882711949492,-0.01247826626924986
n2ntd,test,15,16,20,1,0,1,0.0,0.051363015399900736
n2ntd,test,5,19,24,1,0,0,0.0,0.31724664679582715
n2ntd,test,13,20,25,0,1,1,0.339914870853409,-0.04023534525583705
n2ntd,test,19,21,26,0,1,1,0.08408328532005949,-0.013890958768007944
n2ntd,test,6,22,27,0,1,1,0.16972605809109265,-0.06940511674118233
n2ntd,test,1,23,28,1,0,0,0.0,0.04164803775459508
n2ntd,test,12,24,29,0,1,1,-0.13846442083620536,-0.011102831594634877
n2ntd,test,20,25,30,0,1,1,0.531706544023755,-0.018936910084451086
n2ntd,test,20,26,31,0,1,1,-0.4316368995144828,-0.373025956284153
n2ntd,test,22,27,33,0,1,1,-0.47923758768384095,-0.02999006458022846
n2ntd,test,15,28,34,0,1,1,-0.3790319802499099,-0.5512636612021857
n2ntd,test,16,29,35,0,1,1,0.2532026929694453,-0.028639468455042394
s2kt7,train,1,2,6,0,1,0,0.2734934326027717,-0.05669979832901182
s2kt7,train,1,3,11,0,1,0,0.26086572833261956,-0.006699798329011811
s2kt7,train,2,4,12,1,0,0,0.0,0.31174805531547106
s2kt7,train,4,5,13,0,1,1,-0.11618701889057259,-0.07163569576490925
s2kt7,train,4,6,14,0,1,1,0.27053039587449224,-0.052462906943244014
s2kt7,train,1,7,15,0,1,0,0.1367391328821833,-0.023330452319216363
s2kt7,train,6,8,16,1,0,1,0.0,0.013334773840391778
s2kt7,train,7,9,17,0,1,0,0.03231259109614981,-0.043350619418035155
s2kt7,train,4,10,19,0,1,1,-0.03801869964684379,-0.16833261307980407
s2kt7,train,5,11,21,0,1,1,-0.14236899441439865,-0.20339671564390666
s2kt7,train,10,12,22,0,1,1,-0.19587536774739944,-0.08252196773264191
s2kt7,train,3,13,23,0,1,0,-0.26642912449647815,-0.04666810717372516
s2kt7,train,4,14,24,1,0,1,0.0,-0.03334053586862579
s2kt7,train,8,15,25,0,1,1,-0.16348907004278446,-0.2575111639297032
s2kt7,train,14,16,26,0,1,1,-0.11846798055568775,-0.1283571016997983
s2kt7,train,14,17,27,0,1,1,0.32841173616729136,-0.0916270527225583
s2kt7,train,17,18,28,1,0,1,0.0,-0.1200273696341112
s2kt7,train,4,19,29,0,1,1,0.448916780956476,-0.10830812445980986
s2kt7,train,12,20,30,0,1,1,-0.06176666602116143,-0.02411300777873812
s2kt7,train,6,21,32,1,0,1,0.0,0.04745786516853934
s2kt7,train,16,22,34,0,1,1,0.11007794010727268,0.12087474791126479
s2kt7,train,19,23,35,0,1,1,0.19266230208898283,0.14000432152117548
s2kt7,train,5,24,36,1,0,1,0.0,0.09167747046960528
s2kt7,train,24,25,37,0,1,1,0.11710560595627306,-0.06502232785940648
s2kt7,train,15,26,38,0,1,1,0.31111778760877185,0.07501080380293863
s2kt7,train,19,27,39,0,1,1,-0.4371604931843224,-0.1667170844137136
s2kt7,train,24,28,40,1,0,1,0.0,-0.11917278882166518
s2kt7,train,16,29,41,0,1,1,-0.06994825365032376,0.08336934600979545
s2kt7,test,1,2,6,0,1,0,0.27978549224939975,-0.05669979832901182
s2kt7,test,1,3,11,0,1,0,0.2671523335260536,-0.006699798329011811
s2kt7,test,2,4,12,1,0,0,0.0,0.31174805531547106
s2kt7,test,4,5,13,0,1,1,-0.1194967214792324,-0.07163569576490925
s2kt7,test,4,6,14,0,1,1,0.27779734241037446,-0.052462906943244014
s2kt7,test,1,7,15,0,1,0,0.15965408566796502,-0.023330452319216363
s2kt7,test,6,8,16,1,0,1,0.0,0.013334773840391778
s2kt7,test,7,9,17,0,1,0,0.019492883495406566,-0.043350619418035155
s2kt7,test,4,10,19,0,1,1,-0.020662074545801712,-0.16833261307980407
s2kt7,test,5,11,21,0,1,1,-0.13735231705733197,-0.20339671564390666
s2kt7,test,10,12,22,0,1,1,-0.22036832799358252,-0.08252196773264191
s2kt7,test,3,13,23,0,1,0,-0.26537220195139866,-0.04666810717372516
s2kt7,test,4,14,24,1,0,1,0.0,-0.03334053586862579
s2kt7,test,8,15,25,0,1,1,-0.1606392489187034,-0.2575111639297032
s2kt7,test,14,16,26,0,1,1,-0.12428122277554399,-0.1283571016997983
s2kt7,test,14,17,27,0,1,1,0.3313290439682265,-0.0916270527225583
s2kt7,test,17,18,28,1,0,1,0.0,-0.1200273696341112
s2kt7,test,4,19,29,0,1,1,0.46330852562849045,-0.10830812445980986
s2kt7,test,12,20,30,0,1,1,-0.05314537802582675,-0.02411300777873812
s2kt7,test,6,21,32,1,0,1,0.0,0.04745786516853934
s2kt7,test,16,22,34,0,1,1,0.11401128693269735,0.12087474791126479
s2kt7,test,19,23,35,0,1,1,0.19327634876047983,0.14000432152117548
s2kt7,test,5,24,36,1,0,1,0.0,0.09167747046960528
s2kt7,test,24,25,37,0,1,1,0.12006288383516739,-0.06502232785940648
s2kt7,test,15,26,38,0,1,1,0.3097684875055058,0.07501080380293863
s2kt7,test,19,27,39,0,1,1,-0.4386531209792651,-0.1667170844137136
s2kt7,test,24,28,40,1,0,1,0.0,-0.11917278882166518
s2kt7,test,16,29,41,0,1,1,-0.0656667318778208,0.08336934600979545
va6fq,train,2,4,4,1,0,0,0.0,-0.01663003663003665
va6fq,train,1,5,5,0,1,0,1.3076607401525087,-0.1090650183150183
va6fq,train,1,6,8,1,0,0,0.0,-0.06163553113553116
va6fq,train,4,7,9,0,1,1,0.10141838914708101,0.11661172161172167
va6fq,train,7,9,11,0,1,1,-0.29224232762798286,-0.06328205128205133
va6fq,train,4,12,17,0,1,1,-0.5936003009906868,-0.24983516483516482
va6fq,train,7,13,18,0,1,1,-0.6990588556246513,-0.38311355311355316
va6fq,train,7,14,21,0,1,1,0.05436400000316777,-0.11320879120879129
va6fq,train,1,16,23,0,1,0,-0.6118852090672035,-0.22660073260073263
va6fq,train,3,17,24,1,0,0,0.0,0.10497619047619045
va6fq,train,4,18,26,0,1,1,-0.13260810531428713,0.04998168498168504
va6fq,train,12,19,27,0,1,1,0.5079316078840687,0.08657142857142858
va6fq,train,17,20,28,1,0,1,0.0,-0.09998168498168497
va6fq,train,6,21,29,0,1,1,1.2977360070523034,-0.036681318681318686
va6fq,train,14,22,30,0,1,1,0.0,0.0832967032967033
va6fq,train,14,23,31,0,1,1,0.0,0.08326007326007329
va6fq,train,22,24,32,1,0,1,0.0,0.0332600732600733
va6fq,train,22,25,33,0,1,1,0.0,-0.020014652014651968
va6fq,train,17,26,34,0,1,1,-0.6005901528386968,-0.28405586080586076
va6fq,train,18,27,35,0,1,1,-0.14424732915798866,0.03668131868131863
va6fq,train,19,28,37,0,1,1,-0.5979524584506839,0.079948717948718
va6fq,train,27,29,38,0,1,1,0.0,-0.04999999999999999
va6fq,test,2,4,4,1,0,0,0.0,-0.01663003663003665
va6fq,test,1,5,5,0,1,0,1.287668721612595,-0.1090650183150183
va6fq,test,1,6,8,1,0,0,0.0,-0.06163553113553116
va6fq,test,4,7,9,0,1,1,0.09512376196058914,0.11661172161172167
va6fq,test,7,9,11,0,1,1,-0.2624268071585798,-0.06328205128205133
va6fq,test,4,12,17,0,1,1,-0.50057225475746,-0.24983516483516482
va6fq,test,7,13,18,0,1,1,-0.60116026947429,-0.38311355311355316
va6fq,test,7,14,21,0,1,1,0.05243232036502676,-0.11320879120879129
va6fq,test,1,16,23,0,1,0,-0.5201860115907535,-0.22660073260073263
va6fq,test,3,17,24,1,0,0,0.0,0.10497619047619045
va6fq,test,4,18,26,0,1,1,-0.1119887948644247,0.04998168498168504
va6fq,test,12,19,27,0,1,1,0.46073060375495345,0.08657142857142858
va6fq,test,17,20,28,1,0,1,0.0,-0.09998168498168497
va6fq,test,6,21,29,0,1,1,1.279365202713584,-0.036681318681318686
va6fq,test,14,22,30,0,1,1,0.0,0.0832967032967033
va6fq,test,14,23,31,0,1,1,0.0,0.08326007326007329
va6fq,test,22,24,32,1,0,1,0.0,0.0332600732600733
va6fq,test,22,25,33,0,1,1,0.0,-0.020014652014651968
va6fq,test,17,26,34,0,1,1,-0.49457417676949067,-0.28405586080586076
va6fq,test,18,27,35,0,1,1,-0.1311876852012286,0.03668131868131863
va6fq,test,19,28,37,0,1,1,-0.539532209172638,0.079948717948718
va6fq,test,27,29,38,0,1,1,0.0,-0.04999999999999999
